/*
База данных для электронной библиотеки. Зарегистрированные пользователи могут читать или слушать любые книги, которые входят
в преобретенную подписку. Также есть большое количество книг, доступных бесплатно - без подписки. Каждая книга имеет свой рейтинг, 
любой пользователь может оценить книгу и оставить отзыв вне зависимоти от того, прочитана ли им книга на сайте. На основании выставленных оценок
пользователь получет персональные рекомендации, что мотивирует не терять интерес к сайту и преобретать подписку. Также на основании оценок и 
количества прочтений составляется рейтинг книг на сайте.
Существует три вида подписок: лайт, оптимум, премиум. Аудиокниги входят только в подписку премиум. 
Каждую из подписок можно преобрести на 1, на 3 месяца либо на год.
*/

DROP DATABASE IF EXISTS book_lib;
CREATE DATABASE book_lib;
USE book_lib;

-- виды подписок
DROP TABLE IF EXISTS subscriptions;
CREATE TABLE subscriptions (
	id SERIAL PRIMARY KEY,
	name VARCHAR(255) UNIQUE 
);

INSERT INTO subscriptions (name) VALUES
	('light'),
	('optimum'),
	('premium');

-- тарифные планы подписок
DROP TABLE IF EXISTS subscription_plans;
CREATE TABLE subscription_plans (
	id SERIAL PRIMARY KEY,
	subscription_id BIGINT UNSIGNED NOT NULL,
	period VARCHAR(255),
	price DECIMAL(11,2),
	FOREIGN KEY (subscription_id) REFERENCES subscriptions(id)
);

INSERT INTO subscription_plans (subscription_id, period, price) VALUES
	('1', '1 month', '99'),
	('1', '3 months', '259'),
	('1', '1 year', '999'),
	('2', '1 month', '199'),
	('2', '3 months', '499'),
	('2', '1 year', '1999'),
	('3', '1 month', '399'),
	('3', '3 months', '999'),
	('3', '1 year', '3999');

-- пользователи
DROP TABLE IF EXISTS users;
CREATE TABLE users (
	id SERIAL PRIMARY KEY,
	firstname VARCHAR(50),
	lastname VARCHAR(50),
	email VARCHAR(120) UNIQUE NOT NULL,
	password_hash VARCHAR(100) NOT NULL,
	phone BIGINT,
	birthday DATE,
	photo_file VARCHAR(255),
	created_at DATETIME DEFAULT NOW() COMMENT 'дата создания аккаунта',
	subscription_plan_id BIGINT UNSIGNED, -- если NULL - без подписки
	subs_date DATETIME COMMENT 'дата оформления подписки', 
	INDEX users_firstname_lastname_idx (firstname, lastname),
	INDEX phone_idx (phone), -- создаю индекс на случай, если авторизация осуществляется по номеру телефона
	FOREIGN KEY (subscription_plan_id) REFERENCES subscription_plans(id) ON UPDATE CASCADE ON DELETE SET NULL 
);


INSERT INTO `users` VALUES (1,'Jordi','Rosenbaum','blanda.theo@example.com','8b12affdd32d56a585f9bd582cbc7773c6786b2e',8248739065,'1984-03-30','tmp//36ec089efd042e65fafe4a35159c1bf6.jpg','1996-01-10 19:34:35',1,'2021-09-18 00:00:00'),(2,'Electa','Upton','marilou70@example.org','ed63daa14054f000c7dccb6266d901b1cd53a74a',9382684431,'2014-10-06','tmp//03b28107c7a3417e2b333110e9429d17.jpg','2007-04-22 18:22:39',NULL,NULL ),(3,'Danika','Feil','alessandro.stark@example.org','f0727750825c2fe12f01d6bee1c40fb3a12b1d7a',1165932524,'1995-04-17','tmp//ee3824cbaa1ef7bd3b888f15a8371506.jpg','2012-04-18 13:40:09',3,'2021-09-18 00:00:00'),(4,'Boyd','Kuhic','schumm.river@example.net','046aece5e249c72d83a31a03a2a44cd4438ec337',4699650728,'1979-09-10','tmp//ebe2808831a61a1c0ae64a1dd71f490c.jpg','2019-05-22 00:57:31',4,'2021-09-18 00:00:00'),(5,'Bobbie','Cole','ruecker.graciela@example.org','04fa9ae94d6d63df0568cba542a3a63c41d7bf08',2841076818,'2003-11-29','tmp//aa0daa362f9518447599d2ba9b1f43ad.jpg','2021-04-24 13:09:01',5,'2021-09-18 00:00:00'),(6,'Freddy','Anderson','lavonne81@example.org','dda19b3d37db4974cbce6db3f9e87591f3cc25d7',8570572729,'1977-10-29','tmp//1c88c4493e97e4140fff5373ff82b365.jpg','1985-03-04 02:58:56',6,'2021-09-18 00:00:00'),(7,'Braulio','DuBuque','jfeeney@example.com','97310c30bf224933cb7867e5c450bb99faf61e78',7237460496,'1981-09-28','tmp//142326bf5d1dbeaaa734eedf0bdc4e1c.jpg','1996-10-04 15:08:53', NULL,NULL),(8,'Jedediah','Larkin','payton41@example.org','519dc5d31345d7eb7dd7009a58888d4dcf327bc6',2182527659,'1971-11-14','tmp//e6a900a93ae5f3d7b07326c9bd556ce9.jpg','2020-03-02 06:20:48',8,'2021-09-18 00:00:00'),(9,'Simeon','Quigley','golda.turner@example.net','072b9d4fe01e3710d9bbcb30eb4159b622a6df4a',9655767483,'2008-02-27','tmp//19a692b445a622e7d32b63c21bfcb2a4.jpg','2019-01-19 11:07:40',9,'2021-09-18 00:00:00'),(10,'Lukas','Spinka','devin.rath@example.net','f79f040ad93a8e82dbc536baf53b5026d6d76bc5',3268218422,'1982-05-19','tmp//8f0f4931108e57483404d3bd1fb72fbf.jpg','1973-02-08 14:30:15',1,'2021-09-18 00:00:00'),(11,'Robert','Johns','abigayle34@example.org','4a349a6b1018dc7306bbc8f1c2e78ff80c46db88',1589841181,'2016-06-02','tmp//7729989c7ee84a7d5d466fb167ab8a55.jpg','1981-09-30 05:46:15',2,'2021-09-18 00:00:00'),(12,'Juliana','Osinski','harber.katarina@example.com','e81502baeebd9d8f45cde912ca15f22ac9992bea',3287490857,'2017-12-23','tmp//3bcf0ef5be6cce4af3156ea05619fc69.jpg','2016-08-13 01:14:03',3,'2021-09-18 00:00:00'),(13,'Eleazar','Hoeger','oral76@example.com','5d280a5728732338343fba66eb5470f43f4f6e14',6408930844,'1997-07-02','tmp//6ff12046b529036d9c7b3062439d167a.jpg','1975-01-13 05:35:34',4,'2021-09-18 00:00:00'),(14,'Graham','Hilpert','hschaefer@example.com','126a2974a640112f096c389f988445481b42d59e',9604335753,'1972-05-25','tmp//e4341e657bff8d9dfb5ba8bc0890f3e1.jpg','1987-05-11 09:14:39',5,'2021-09-18 00:00:00'),(15,'Peggie','Kovacek','victoria.mclaughlin@example.net','6e47d735af8531d56658398aac43f4b28351a560',4522955194,'2017-08-23','tmp//a50f8f87ad027ca83db5f4f52afbd99f.jpg','1990-12-04 09:23:57',6,'2021-09-18 00:00:00'),(16,'Erna','Thompson','daphne.conn@example.net','fad04909989aa78e4b84ee8443f5f17b5dc3cb48',3999488395,'1998-01-16','tmp//453ab423e13cb3189fc2f4a7d87b589f.jpg','2010-10-18 03:30:24',7,'2021-09-18 00:00:00'),(17,'Felicita','Metz','hilpert.sydnee@example.org','c4ea5bd9832963537d0a30cc7f5c3a6475c95fdf',9606287274,'1996-06-05','tmp//eb2c3d4b34c10673dbd75dc7d62a9793.jpg','1997-08-29 11:13:53',8,'2021-09-18 00:00:00'),(18,'Shea','Pfannerstill','cole.max@example.org','671a55a03e553d3f04a76ae29221b1dceca0a4e1',9806312858,'2002-02-13','tmp//d8c1de147aea806fcbcec0e6afad14b6.jpg','2003-08-07 18:10:55',9,'2021-09-18 00:00:00'),(19,'Joyce','Moore','fern40@example.org','ea6bb64e2bec648e43c225641cefa98aea488e5b',8329898514,'2001-03-29','tmp//99205bc438203b1dbfc08b6f6b4ccc78.jpg','2020-06-30 00:13:04',1,'2021-09-18 00:00:00'),(20,'Burnice','Kerluke','holden.daniel@example.net','986c0965d63bf8bdb715917a97fff4c6b31fa2e8',8842977150,'2008-12-24','tmp//5f0ff29804a3ab56a4709e89b0c42a06.jpg','2003-12-18 17:34:52',2,'2021-09-18 00:00:00'),(21,'Myra','Paucek','ruecker.vince@example.net','47e71343a966b8e2097793abe1c4e91128db096d',2119790883,'2020-03-27','tmp//0dbbb66598393d9229824019341beeb3.jpg','1993-01-01 12:02:14',3,'2021-09-18 00:00:00'),(22,'Alexandro','Kuvalis','clementina.braun@example.com','9c57281673d62f535a39b93d05b8ac2bccaf4fb7',3446018653,'2008-01-23','tmp//a1cb3bf2b38ba61ce66bd57aeb294b0a.jpg','2004-05-12 02:14:17',4,'2021-09-18 00:00:00'),(23,'Guiseppe','Schoen','deshawn32@example.org','35efbb2fbb6256ad4a7bcdb30b6bd2ecad67c58a',2034547533,'1971-10-05','tmp//7d56b1ac4611c7030c6d0caa4b256f04.jpg','2001-03-29 03:40:21',5,'2021-09-18 00:00:00'),(24,'Taryn','Mohr','rabernathy@example.com','14725792c6a2e7e16bc07c336c5a4e4d291a3779',4212596914,'2009-03-15','tmp//7a4d3740bbe468d2c57375a2f95c82d1.jpg','1993-10-10 09:33:05',6,'2021-09-18 00:00:00'),(25,'Baylee','Satterfield','krolfson@example.org','8df885e5b04f466c736e75c1a31a34f1e90c4556',447770375,'1986-03-24','tmp//0e4e388f6e5bce2955ab3744262b411a.jpg','1982-11-17 19:49:26',7,'2021-09-18 00:00:00'),(26,'Ed','Pouros','gemmerich@example.org','6f9ae9d7f1ad1a141959901ddd29404a7036d286',6647861064,'2016-09-03','tmp//df1ca09da5ac5241faba543a8c85aa4b.jpg','2001-05-15 19:38:06',8,'2021-09-18 00:00:00'),(27,'Ava','Terry','hilll.cedrick@example.com','8327103d8dde1d90fdb5228674541abe713cba7d',3138256124,'1989-12-28','tmp//5d35c2eb5b9f28240faed0c5534b6331.jpg','2011-12-07 00:19:26',9,'2021-09-18 00:00:00'),(28,'Freddie','Mante','o\'connell.norberto@example.net','cda107d72976ee3c6f8f4c72c44c719ed9ddfebe',7410993175,'1972-11-08','tmp//ad63d7e52668bd911a9ccf379391e779.jpg','1984-06-07 06:37:44',1,'2021-09-18 00:00:00'),(29,'Shannon','Osinski','kshlerin.buford@example.com','4071e74b560dbad4d7024f610ef270e53e96c30b',9326766515,'2002-06-06','tmp//d9811b7d0d5ebf6ca9ef401cd1b568b0.jpg','1992-09-17 02:59:57',2,'2021-09-18 00:00:00'),(30,'Izaiah','Reichert','fern30@example.net','bac4538c88ebecdc506af8f76f4add27e81f745c',2948659779,'1991-09-23','tmp//2b99d93806be94195a606a252e3c051e.jpg','1991-02-01 17:38:39',3,'2021-09-18 00:00:00'),(31,'Jacquelyn','McDermott','reynolds.lulu@example.com','3301c6638cc291995de8c32feec423c540ec66a0',9926623133,'1999-05-14','tmp//9924944313c19c793f0e8bc5e9d120f1.jpg','1973-09-16 14:39:34',4,'2021-09-18 00:00:00'),(32,'Blanche','Schmidt','muller.teagan@example.net','e4c8e1b6a956a1fa029b8793e6ce128aa1dac050',1285496875,'2005-09-19','tmp//13c3a6a2f6721e9a5474573db6339282.jpg','2007-12-03 08:28:53',5,'2021-09-18 00:00:00'),(33,'Alex','Maggio','deonte14@example.net','e01aa2edeef0e41815c8899fde9d7384623eb070',6517395726,'2002-03-25','tmp//4b263eabf781656872e9c04d637b3245.jpg','1977-09-09 20:23:16',6,'2021-09-18 00:00:00'),(34,'Golda','Eichmann','boyer.ophelia@example.com','32bb9747a07b6f8060bb7b78d42237e420b7f0e8',5181757230,'2009-11-28','tmp//730188c93a87cd5cc65a4101381ee262.jpg','1999-06-09 04:16:42',7,'2021-09-18 00:00:00'),(35,'Ferne','Bosco','colt.pollich@example.com','193ab703bde81ae3868e7cbdba9663452929075e',4098646370,'1973-11-03','tmp//bb15f7596992704313bef075d249756a.jpg','1976-02-18 18:58:25',8,'2021-09-18 00:00:00'),(36,'Meagan','Wolf','egoodwin@example.com','e55b7469b1142e5a1cd23ed8fdc94fce57075cd6',932377199,'1980-08-25','tmp//6fd45eef248b35e24c68808fe4b84746.jpg','1998-08-27 03:28:21',9,'2021-09-18 00:00:00'),(37,'Leon','Wisoky','muller.ariane@example.org','1905b3a39115a9559f275438ab6017fe6a4c86e6',7131757573,'1990-02-12','tmp//b444bf5ee1af0055b6c9b309e2967db5.jpg','1972-06-28 07:40:38',1,'2021-09-18 00:00:00'),(38,'Mikel','Will','ekeeling@example.org','1df8fba32229ab294cebdb893f553aca81d771f9',1153850015,'2019-04-17','tmp//e3da883a1eb6a613f920d020eb2fe697.jpg','1989-10-20 05:33:16',2,'2021-09-18 00:00:00'),(39,'Ricardo','Johns','jarvis69@example.net','c0bfe4d13bb4430474e79778a0a24e2101e48355',6251258766,'1973-04-13','tmp//221d0b926b74a68355194512a50ea1bf.jpg','2012-01-31 20:27:55',3,'2021-09-18 00:00:00'),(40,'Scottie','Labadie','mertz.linda@example.org','810ef84caa95d7603eff8875c40267c049529a18',7467050869,'2013-04-04','tmp//8bd51b6242acdb0b6e912643fa587400.jpg','2010-07-23 14:09:53',4,'2021-09-18 00:00:00'),(41,'Travon','Kulas','devan28@example.com','e5151858dfea035c30f75df87e30a3317930b95b',3348696008,'1985-02-15','tmp//07bf626fd8abb24bc75f97d68c733587.jpg','2014-09-06 14:51:22',5,'2021-09-18 00:00:00'),(42,'Winifred','Rowe','imani.wilderman@example.org','cb225d17775ef02c148ded1c5bc4591776643fea',3169970456,'1986-09-23','tmp//ce27b27012e6b98434178f2ec428b922.jpg','2016-02-15 01:36:19',6,'2021-09-18 00:00:00'),(43,'Lamar','Russel','umonahan@example.net','e104d662ebe594e842d56afd02459636a0df67c6',6384414550,'1987-04-18','tmp//e5779e90661544d017506d124b2e9650.jpg','2018-04-24 02:06:37',7,'2021-09-18 00:00:00'),(44,'Yasmin','Ledner','vincenzo.heaney@example.net','8df5182f61072a3ab4d2fb4d863d3bd32b603a37',3016266352,'1976-09-04','tmp//541e89c8b6de32b76fce15f38c3e236c.jpg','1970-02-18 21:36:08',8,'2021-09-18 00:00:00'),(45,'Israel','Miller','savanna78@example.com','6551d2c3a1fde59935455e5228dcb39f3561705e',7295782589,'1977-02-18','tmp//b1f45884138c9574161e99f949f14c60.jpg','1980-11-09 00:34:56',9,'2021-09-18 00:00:00'),(46,'Cassandra','Streich','nikolaus.enos@example.net','3552e6615049308e7fbb3f4e236e8df6e8231a56',7100547724,'1982-06-30','tmp//5ceb38c4e5e49f695c81c2ea1d08b01d.jpg','2014-11-28 05:17:33',1,'2021-09-18 00:00:00'),(47,'Bret','Larkin','carmen.will@example.com','b3858c6901d240439dfd95ee3dbd3f533f4dae85',220409021,'1991-09-28','tmp//0ad067d7195b4c96c9fd3bd3d1c6f0cb.jpg','1973-04-26 18:40:02',2,'2021-09-18 00:00:00'),(48,'Ayden','Ryan','roob.jonathan@example.com','6362742fc533b6478464823217453e4602244976',3811987824,'1993-06-18','tmp//27e81e5b8316f2fd7aaf733c3935f966.jpg','2000-10-04 22:39:11',3,'2021-09-18 00:00:00'),(49,'Mariana','Kuhic','pmurphy@example.com','3500ab1cd0fea3a584e61bab6042cfea5c09f91f',2306329756,'1971-08-19','tmp//e3e560636aa34385f90616c023a7b49f.jpg','2011-05-26 19:47:14',4,'2021-09-18 00:00:00'),(50,'Pierre','Hegmann','alexandria.schoen@example.net','96f3b2e9adb56ac9e242e433fdaa73253c4216ba',4487179177,'2005-02-22','tmp//b4ec5ba91a132d035a784b41ff8290c3.jpg','2013-12-04 05:54:23',5,'2021-09-18 00:00:00'),(51,'Vivianne','Kohler','mateo.douglas@example.com','3216ce8e30d3d8e41281ee64c8354590897fef2a',4363948339,'2017-04-17','tmp//1090d46c0cf7ebebb8a8064e7d244fc7.jpg','2010-12-24 23:58:21',6,'2021-09-18 00:00:00'),(52,'Vallie','Mosciski','blanda.vada@example.org','b8afa201a7c60e5c3c105f9df99ce6ef2051e5f3',9928995850,'1979-02-26','tmp//ea2dbcc56388eaaf5d79be447228d1f8.jpg','1991-01-07 01:06:26',7,'2021-09-18 00:00:00'),(53,'Nash','Greenholt','obecker@example.com','643306449d56ee0576a93b8eca54c0df60c796b1',8977200938,'1993-04-10','tmp//fea6aa3ac4d1ce0171e601957feb152e.jpg','1987-05-27 14:30:59',8,'2021-09-18 00:00:00'),(54,'Michel','Runolfsdottir','dyost@example.com','b7d1b2e57198736a0bd21123a84fbee696ea2382',6842070086,'2016-07-04','tmp//597dd5db5d15adbce90a93d88c4d4826.jpg','1971-01-05 16:13:45',9,'2021-09-18 00:00:00'),(55,'Antonetta','Gleason','marcelino.powlowski@example.com','13a301e35ce3a3230e100023889466c62c671d5d',6337102246,'1981-04-14','tmp//0d37f996b1a48ee94432b6b05ef3d3c7.jpg','1999-09-26 03:32:55',1,'2021-09-18 00:00:00'),(56,'Maude','Baumbach','itromp@example.com','8376937bf116ee6bf87fe29d91079e2af6a4aabe',7601266778,'1970-04-16','tmp//25bdbaca9a762d4d10346bec9d9f2ead.jpg','1992-10-04 02:07:57',2,'2021-09-18 00:00:00'),(57,'Bertram','Schaden','allison.quigley@example.org','a5efd8aaa1e5ec36f071de5c45d9c3cd83044393',8068115334,'1976-03-20','tmp//2712d6f959bb39bd4538efff445c28b7.jpg','2001-12-06 14:41:20',3,'2021-09-18 00:00:00'),(58,'Myrtis','Fisher','johnson.scarlett@example.com','052e3036643f3154c4fc9041bdcfbd5e9a19efb6',9293870138,'1998-05-17','tmp//c9a21920cccb70664de61dc1915d50be.jpg','2000-10-11 15:02:36',4,'2021-09-18 00:00:00'),(59,'Freddie','Bartell','geovanny.rohan@example.com','58e9e268ce1535a53ae0649b8645d00b73069334',7979476489,'1970-12-24','tmp//16cd23f857b18cdeaa3a19a07b6afb6a.jpg','1970-11-24 00:13:27',5,'2021-09-18 00:00:00'),(60,'Peyton','Konopelski','davon.franecki@example.net','dde769c965910f7930bc46cf18a8726abf5c49ad',4595716902,'1975-02-02','tmp//12ff0dd0a605226a720c9805f53051f0.jpg','1983-11-18 11:26:24',6,'2021-09-18 00:00:00'),(61,'Carrie','Roberts','cbreitenberg@example.com','b686ee307ed57a357c5851e11dd707ae699e8a9b',3883064365,'1997-01-04','tmp//e89c3afe63bfef3e6bd7a0c89fcc6628.jpg','1970-03-18 11:40:14',7,'2021-09-18 00:00:00'),(62,'Russell','Feest','hoppe.johnathon@example.org','40ce631d483405de362019c7a1d466bcab2dcd4a',4015540429,'1980-10-02','tmp//a87b7f41f3eb31bc0ad7fe2a24510467.jpg','2020-09-17 12:52:35',8,'2021-09-18 00:00:00'),(63,'Breanna','Schuppe','ychristiansen@example.org','4e11e7dea486d5a326e57448d7a1dd4f7834fd5a',1844295002,'1986-08-04','tmp//124a7774134a417ee1538769c166944c.jpg','2002-10-29 18:03:22',9,'2021-09-18 00:00:00'),(64,'Desmond','Bosco','yfritsch@example.net','10007617dc6baca89cb83f791edee317412687c0',2034525307,'1992-02-23','tmp//9fdca0d340e3d4035978b400144c73cb.jpg','1993-07-26 22:10:54',1,'2021-09-18 00:00:00'),(65,'Jonathon','Fisher','santiago.lesch@example.net','d510adb4a24cc2e1b0e007a9c6291b29edafb9d4',1949394647,'2003-03-31','tmp//a68d45651910bc51fbbf440e097220f1.jpg','2018-11-23 15:11:32',2,'2021-09-18 00:00:00'),(66,'Concepcion','Bechtelar','daniel.kaylin@example.com','79f807d4a66ed5635d9ed3a7593f4f34742a612e',6923646023,'1990-11-14','tmp//6707a9abd1d9a0d71b81cb4f51c0f701.jpg','1978-02-18 21:39:37',3,'2021-09-18 00:00:00'),(67,'Mario','Upton','jarrell.balistreri@example.net','3671aefcf80ecdd2d273d82175a8654b614f1351',2369407233,'1976-11-22','tmp//bab9f7c4cc7f8bd607b91e158516d0e8.jpg','2015-02-16 04:06:36',4,'2021-09-18 00:00:00'),(68,'Kellie','Mraz','maida.schuster@example.org','38015425f688837d60e488a0419138c2b8608f54',8605808177,'2014-07-31','tmp//2cc396679d2c03cec4ce453b479f12b3.jpg','2017-06-02 18:15:30',5,'2021-09-18 00:00:00'),(69,'Nathaniel','Williamson','naomi.rohan@example.com','1d7022bb99c7f4f43b78a2b7ab1f447b306e6983',2859336771,'2011-03-08','tmp//70ffd41665ae6800b392a5063ba27358.jpg','2019-12-20 13:45:49',6,'2021-09-18 00:00:00'),(70,'Tia','Gerlach','will.leon@example.net','012c559631ba1e6eccbe37bcdc6254272912895a',4979247804,'2018-01-02','tmp//fa2d1306b319ab55c7d2bb90279c6e88.jpg','1999-09-15 13:53:53',7,'2021-09-18 00:00:00'),(71,'Rocio','Weimann','taurean02@example.net','e45495a0d30e18c822a2669452b780531aabc59a',189249720,'1977-10-22','tmp//9ab49f56986b23a3feba4cb9b9e762bd.jpg','1986-01-28 18:32:29',8,'2021-09-18 00:00:00'),(72,'Lauryn','Cruickshank','jacobs.zackery@example.com','f097e7d5290d488df4f39812dab432c7c8021002',7111919531,'1988-07-18','tmp//9ef1840581f9402d2a295c165a8c3824.jpg','2016-03-10 15:31:56',9,'2021-09-18 00:00:00'),(73,'Mossie','Wehner','estamm@example.org','00290ed12938b9021d1348234369affb58846781',8460477171,'2017-06-15','tmp//87de51094a59874747b731e2ae2f2c08.jpg','2019-12-24 02:01:52',1,'2021-09-18 00:00:00'),(74,'Brianne','Parisian','josiane.emmerich@example.com','2eb61ef4a6e047c030b809877e7de92e64d26d07',998790445,'1977-05-18','tmp//6a40253f1636f9e4b33b46f23f48b392.jpg','1975-12-16 05:07:24',2,'2021-09-18 00:00:00'),(75,'Mable','Weissnat','shanny.schroeder@example.com','a390427a87861f5e9e203adbd1d15041e27d6884',9087038640,'2020-07-11','tmp//19cf01d39bad34a8257b6a901d637529.jpg','1987-05-10 16:53:08',3,'2021-09-18 00:00:00'),(76,'Bertram','D\'Amore','lucile76@example.org','cea835120a8d549424d8c2d4f701c92ab0f6a328',1217934042,'1971-11-01','tmp//76edc40ef9405ee4e127163521d5892a.jpg','1979-07-07 02:30:07',4,'2021-09-18 00:00:00'),(77,'Raegan','Hane','jamie04@example.com','67aafe22bde9ae943de2088c6f2ebb64527f53e2',5148336957,'2005-11-19','tmp//78d34e6d9d97360289c0129a7af6d158.jpg','1984-01-10 00:43:20',5,'2021-09-18 00:00:00'),(78,'Ezra','Kirlin','libbie.brown@example.net','035128e216b38c55cbd94e9b0b22c69c8cf75f4b',5189781603,'1983-01-15','tmp//7454f50e44fe0e2e8bf78354ed756d0c.jpg','2018-05-29 06:34:44',6,'2021-09-18 00:00:00'),(79,'Valentin','Berge','maxime.shields@example.org','4cb406f2edf5b9e7149d8c56c5b38135e62de700',2091945265,'1991-04-13','tmp//d2b5bdd1c52a534ce37336f4c43e2b17.jpg','1984-09-20 09:26:54',7,'2021-09-18 00:00:00'),(80,'Maegan','O\'Connell','bauch.jewel@example.org','73a369bbfbf6c3e14d5b7fb014f1faa489ebbd38',6794277490,'1993-07-06','tmp//2534e00b02c3ee78206e373da0f02878.jpg','2007-02-24 09:23:30',8,'2021-09-18 00:00:00'),(81,'Brycen','Hilll','nettie.eichmann@example.org','baac64b0d0ed9edc78af80cce9b1a7a9582068c9',5171849885,'2001-01-06','tmp//4ef9f654b03b38eec168c71760b837a7.jpg','2018-11-01 05:22:53',9,'2021-09-18 00:00:00'),(82,'Jarrell','Hegmann','kjones@example.org','dad69a41ebcac5d602e38ef39bb474011a2ac902',3404432618,'2008-09-09','tmp//2273fab0678af6541ac6b390f3c16ba1.jpg','2004-11-08 04:48:29',1,'2021-09-18 00:00:00'),(83,'Callie','Kuphal','eric.osinski@example.net','fef2d6ffa097c75236a9ab1df52ec98f4d25c324',12959986,'2017-04-13','tmp//5a04b9bce08aacc6098cff3842bb6408.jpg','1982-09-18 03:23:48',2,'2021-09-18 00:00:00'),(84,'Jena','Champlin','zulauf.rita@example.net','424aa6b0a0433599e97d05dfdc5a4fc80b7533c8',5422822907,'1988-07-03','tmp//b7fdb5c609457e5d284845dc0822b48c.jpg','1984-06-30 08:04:37',3,'2021-09-18 00:00:00'),(85,'Gianni','Nader','granville36@example.com','ae5bb271313da5c563cbc5da4c7b081977447c83',5850009652,'2006-04-12','tmp//76a78c4e71645c30dbd873711d0ca808.jpg','2020-01-05 10:10:34',4,'2021-09-18 00:00:00'),(86,'Dora','Kessler','grant09@example.net','97f895a3e7daf93691d0fa8f4e6f6716deafbf78',2685286793,'1985-05-28','tmp//628bca89634077d08d3e5e5119ebc660.jpg','2017-02-04 00:24:44',5,'2021-09-18 00:00:00'),(87,'Leonard','Littel','brielle.pfannerstill@example.net','fe7f0bbaa5ec0c1e616912598e43745dbdfefa58',9295093370,'2015-11-15','tmp//1c68710b8cf934b0ceb8ef29b1eddbbb.jpg','1983-10-10 17:44:54',6,'2021-09-18 00:00:00'),(88,'Patsy','Kuhic','constance.morar@example.org','8701c6184825563955cd59b13ffb2e16f3b266b1',1491342536,'1991-11-23','tmp//c6b03eba35458f99c8547f4fd357186c.jpg','2008-09-23 08:29:15',7,'2021-09-18 00:00:00'),(89,'Erna','Schmeler','ross.marvin@example.net','24e895b12b52fb59d96d980edcf83c8921bcac89',583339552,'1987-08-09','tmp//deb5441806ff6afd6d7c9c7ad1b23b69.jpg','1970-06-14 12:48:10',8,'2021-09-18 00:00:00'),(90,'Camylle','Stracke','deangelo88@example.com','33e2ea89f43bf6861a4762394e69a84f908a8f9a',6661346592,'1979-11-20','tmp//2f5b43a944c737308ee725a49bcd700e.jpg','1973-02-28 12:09:30',9,'2021-09-18 00:00:00'),(91,'Jerel','McGlynn','manuela85@example.net','f405b813a4e335d3395e8f575e88a3dd5c412842',3208436784,'1999-10-12','tmp//8fc07a029074299a16b22e4d3c044f00.jpg','2014-02-26 08:19:43',1,'2021-09-18 00:00:00'),(92,'Euna','Rogahn','bogisich.alia@example.net','c38c6ac9d5e5f8764a9147272fafa1e79dfe03e5',5452942610,'1976-01-24','tmp//4fa3d077612f18caf8a6050585ab602a.jpg','2015-09-13 01:08:39',2,'2021-09-18 00:00:00'),(93,'Alexander','Conn','kiana.rogahn@example.net','102a1ab161c76d267e35f59db57d0b52a1b0c05d',3204836202,'2008-10-20','tmp//ebcfdc4ca5c61f87ee014aea0654e900.jpg','2014-08-22 03:18:53',3,'2021-09-18 00:00:00'),(94,'Demario','Treutel','po\'connell@example.net','559ffeadb6501791151b329bc53634fe5febfc8f',3438555034,'2005-09-03','tmp//c2e85eed408005f6f6085570b63f2c6e.jpg','2019-01-08 04:03:16',4,'2021-09-18 00:00:00'),(95,'Hershel','Jakubowski','nienow.lera@example.org','a9252c7c099a6ff5361f5130d8d771194a46e922',2567192921,'1999-08-10','tmp//8ce1afcc4fc33f7b02e556118e01b61a.jpg','1975-03-20 18:18:01',5,'2021-09-18 00:00:00'),(96,'Lia','Murphy','martin.zboncak@example.com','226c8f615d8b79bea2b2ec2c2dfd383b64f17e2a',6492301798,'1993-03-30','tmp//649fd58dab592f7929b877c59d08684a.jpg','2013-09-26 01:58:30',6,'2021-09-18 00:00:00'),(97,'Lauryn','Botsford','keshawn69@example.com','e86f2725f5f06b16b312a8f1a622c9f9b40455a9',7694999007,'1979-04-01','tmp//ccc1442df2f17fa4e87dfee0a1c0f9f4.jpg','2015-06-27 11:13:25',NULL,NULL ),(98,'Tania','Huels','dlangworth@example.org','13d2887668c5335a197aa19ff0ad1bf53545b8d5',2761022066,'1999-11-20','tmp//bb49d9cdd4629f30f074f5f5c1d9b155.jpg','1998-05-21 13:40:28',8,'2021-09-18 00:00:00'),(99,'Haylee','Kiehn','clemke@example.org','f100f08c6b754f25b95113a6891c74a64e603e2d',1229003709,'2013-06-25','tmp//a3db09238e3d88e4ff4522378b49c6f3.jpg','2015-11-12 11:34:32',9,'2021-09-18 00:00:00'),(100,'Jayne','Hills','uratke@example.net','cf2466bb72e50264efa13a32fddbbb62b433b2b2',5706832902,'1981-10-02','tmp//4f15f0189badaf588a1e65f5d352f7d3.jpg','1972-08-20 13:28:00',NULL,null);

-- статистика чтения
DROP TABLE IF EXISTS users_stats;
CREATE TABLE users_stats (
	user_id SERIAL PRIMARY KEY,
	books_count BIGINT UNSIGNED COMMENT 'книг прочитано', -- книги, которые пользователь читал, не обязательно до конца
	total_pages BIGINT UNSIGNED COMMENT 'всего страниц прочитано',
	total_reading_time BIGINT UNSIGNED COMMENT 'все время за чтением в часах',
	pages_per_hour FLOAT(8,2) AS (total_pages / total_reading_time) STORED COMMENT 'скорость чтения, страниц в час',
	FOREIGN KEY (user_id) REFERENCES users(id) ON UPDATE CASCADE ON DELETE CASCADE 
);

INSERT INTO `users_stats` (`user_id`,`books_count`, `total_pages`, `total_reading_time`) VALUES (1,76,875991,3510),(2,90,397620,7347),(3,40,642569,4666),(4,86,533663,923),(5,68,681138,7389),(6,33,485403,5646),(7,69,232719,2414),(8,39,289931,5262),(9,105,742716,3751),(10,50,505081,9660),(11,77,135897,803),(12,58,413448,898),(13,60,454995,4520),(14,71,585482,1167),(15,102,566793,6437),(16,90,112361,3200),(17,35,762389,5158),(18,57,132871,2897),(19,11,312026,3889),(20,24,327286,9230),(21,76,344958,7805),(22,114,687259,9055),(23,54,334355,371),(24,56,152579,4243),(25,87,147738,96),(26,43,573876,3497),(27,56,348288,4196),(28,75,816589,1176),(29,42,841389,1139),(30,35,607897,1958),(31,111,158286,7473),(32,30,579114,7650),(33,76,563903,1662),(34,85,682580,7295),(35,95,129624,6691),(36,22,245681,7292),(37,113,143235,9298),(38,53,590196,397),(39,49,641786,3090),(40,71,464063,2478),(41,61,903044,1982),(42,37,801370,3956),(43,69,414682,9707),(44,67,682904,5345),(45,63,949152,9173),(46,21,846712,7864),(47,108,126561,9366),(48,4,321529,832),(49,85,59123,4210),(50,80,381645,3550),(51,44,820133,6783),(52,91,188276,1709),(53,81,692180,7368),(54,41,715602,6690),(55,61,596691,1574),(56,25,69118,8199),(57,48,96904,1481),(58,92,172645,3698),(59,77,973208,3802),(60,75,184401,3920),(61,80,293611,920),(62,68,169881,2669),(63,53,360863,7695),(64,84,310380,8118),(65,29,856273,5699),(66,52,832895,1133),(67,30,542435,2189),(68,43,505017,7534),(69,87,989896,8831),(70,35,547543,7493),(71,103,341081,1751),(72,54,445066,5933),(73,48,879570,9468),(74,115,650366,1926),(75,96,892735,765),(76,76,827966,7860),(77,36,407704,3552),(78,58,179614,8613),(79,75,377040,2287),(80,102,295882,9417),(81,93,298288,9385),(82,43,752740,2484),(83,109,883311,4085),(84,94,746872,4256),(85,24,519714,8288),(86,103,617587,2987),(87,40,999102,8676),(88,7,353564,6921),(89,40,771259,2810),(90,57,934401,2883),(91,57,621660,1928),(92,40,513435,1731),(93,7,368591,8803),(94,55,300868,564),(95,85,472917,7909),(96,15,705461,5801),(97,37,898157,3713),(98,109,721505,2291),(99,47,624562,5926),(100,48,641183,1341);

-- список авторов
DROP TABLE IF EXISTS authors;
CREATE TABLE authors (
	id SERIAL PRIMARY KEY,
	firstname VARCHAR(50),
	lastname VARCHAR(50),
	short_biography TEXT,
	photo_file VARCHAR(255),
	INDEX authors_firstname_lastname_idx (firstname, lastname)
);

INSERT INTO `authors` VALUES (1,'Remington','Champlin','Fuga ratione porro itaque. Dolore natus ipsum rerum modi. Quia reprehenderit molestiae harum ut quasi. Ut ab praesentium perferendis est illo quo inventore fugit.','tmp//3d3ceb17869f75a3b5e14eb94924e0ba.jpg'),(2,'Adeline','Larson','Odit qui optio autem esse rerum. Optio id libero pariatur ab dolorem fugit. Quos doloremque sint aliquam. Praesentium voluptate eum excepturi totam et sit.','tmp//61e7b60ba29dee4d847af21e2c737e8f.jpg'),(3,'Garett','Kassulke','Hic eius aliquam ex et neque inventore. Nam deleniti placeat ullam. Voluptatem qui ullam eos qui.','tmp//0722da265cee5ac5a0a1d0e396d35aef.jpg'),(4,'Kaleb','Altenwerth','Sit est omnis aut in molestiae quas repellat. Deserunt autem asperiores at sed qui voluptatem eius. Eveniet esse aperiam aspernatur veniam fugit natus.','tmp//301b1f37b99be18f5dc6ef0767ddc06d.jpg'),(5,'Astrid','Ebert','Officiis consequatur vero maiores ut. Repellendus rerum adipisci ut soluta sit qui. Laboriosam deserunt ab qui temporibus vitae quod aut.','tmp//32c79becc9ae2b30390d226f87200271.jpg'),(6,'Nicole','Crooks','Aperiam vel non facilis. Ab dolorem et aut dignissimos quo. Quia commodi id dolore commodi. Tenetur non rerum temporibus ipsam ut ipsam amet.','tmp//58ad47055b8c24ae5255cea6e69ceeb4.jpg'),(7,'Isaac','Walter','Sed nesciunt cumque distinctio et velit harum in assumenda. Alias sapiente voluptatem perspiciatis voluptas. At aut iusto dolor labore.','tmp//b69872b733b482f01d360c1f7754f3ac.jpg'),(8,'Leta','Bernhard','Eligendi qui officiis dolorem beatae vitae expedita aut. Voluptatem nisi nisi tenetur ea quae. Repellat laboriosam adipisci quia aut repudiandae voluptate non.','tmp//1b79fc129fad5fa009ce6227cfe5c2ae.jpg'),(9,'Bernita','Jerde','Quam accusantium accusamus molestiae. Ducimus corporis qui aut ab explicabo. Aut qui saepe libero vel facilis. Sequi est incidunt ab est dignissimos temporibus. Exercitationem odit soluta quis est reiciendis provident cumque.','tmp//798bfc15a782a48b8918b33d6f6d74a6.jpg'),(10,'D\'angelo','Krajcik','Facere dolorem quisquam commodi molestias blanditiis. Est corporis corporis perspiciatis veniam corrupti eveniet.','tmp//d85e1c2dd296b7cef42fa2c4fabba40c.jpg'),(11,'Judson','Romaguera','Pariatur a corrupti sed est est et. Cum eum sint qui et tenetur consequuntur voluptatem. Beatae soluta quas est nesciunt repudiandae rerum.','tmp//1894ba230f42a79ff5f53d1cc5d149e2.jpg'),(12,'Ozella','Feil','Voluptates aut omnis fuga modi dolorem facilis. Repellat rerum itaque nostrum est labore. Et itaque quas error dignissimos atque. Voluptatem corrupti velit quisquam qui error ducimus.','tmp//4556f6fbf5395c7f5329117e460c8df6.jpg'),(13,'Salvatore','Abshire','Sit provident vitae nulla ullam nihil velit eligendi dolorem. Harum molestias deserunt voluptatum veniam facilis repudiandae. Facere sit quo fuga aut. Nam consequatur enim magni.','tmp//4c9ae34c3bf87a12fdb9b5b8a416d69f.jpg'),(14,'Ivory','Schroeder','Est ipsum laborum quia recusandae adipisci. Dolor dolorem et dolores sunt perspiciatis. Labore vel at maxime quis et aliquam. Id optio nulla vitae est ut.','tmp//cb3710cad330cea9aadd36388fa0c3c2.jpg'),(15,'Neoma','Funk','Ipsa quae adipisci recusandae maiores omnis qui. Iusto occaecati rem exercitationem nesciunt qui molestiae. Exercitationem eos pariatur quo repellat reprehenderit in.','tmp//983ab089b76c299b4fed6fffb994f1fe.jpg'),(16,'Jovan','Collier','Reiciendis hic vitae veniam. Aut laborum quod possimus occaecati rerum.','tmp//2f2de05c69f705d77c034371601ce76e.jpg'),(17,'Lisandro','Kerluke','Soluta non nisi est ea. Consequatur a non ut facere velit similique. Vel amet ratione sint reprehenderit pariatur. Rem voluptatibus omnis voluptatem et quam et repellat.','tmp//fc4e51f2f1710474e8ef0fd7c8d36010.jpg'),(18,'Vivien','Willms','Neque unde dolore a dolor necessitatibus ea. Cupiditate voluptatem facere optio labore ad nobis non. Exercitationem quia voluptatibus in dolor est voluptatem perspiciatis cumque. Consequuntur qui est sed quibusdam.','tmp//05519ccf92c4c8b6fc47696b28ecc13a.jpg'),(19,'Elvie','Fisher','Nostrum dolore dolorem omnis dolor et. Facere cum necessitatibus nulla aliquam quia et. Consequuntur rem hic est corrupti repudiandae voluptatum nostrum veniam. Incidunt aliquid officia odit quaerat molestiae. Excepturi ullam odit accusamus recusandae accusantium commodi.','tmp//46d8d10dde9a88cd65314f6118aa6bf5.jpg'),(20,'Jewell','Zboncak','Est distinctio tempore qui sed quibusdam et id hic. Quo eveniet laudantium dicta qui aut ut eveniet minima. Illum labore veritatis numquam quasi nisi ipsa odio eum.','tmp//1b19fbe89ea6431bed905b2ef3471f21.jpg'),(21,'Emilio','Schowalter','Ex dolorem sed molestiae cum dolores quia libero. Eius autem in repellendus error qui. Sit dolor dolor non officia. Earum sequi tempore ut dolor.','tmp//95bf853e83944cc9f4060e5718938154.jpg'),(22,'Warren','Muller','Dolores dolore magni et repellendus voluptas. Maxime consequatur eligendi blanditiis recusandae. Rerum omnis esse delectus non aut nesciunt fugit. Corporis velit deleniti enim saepe.','tmp//3806c5a108fbfcfd077cb16d6b689fa0.jpg'),(23,'Graham','Lindgren','Et voluptatem voluptatem doloremque maxime est qui. Est quis pariatur ea sint inventore quia in. Et placeat dicta autem provident dolorem nihil laudantium.','tmp//97a485c5382fc760b86eb5e15d033f9a.jpg'),(24,'Esta','Wisozk','Sint voluptas nam ad qui est vel cumque ducimus. Adipisci similique molestiae quae velit.','tmp//3a0bb07bd1992fb46d420eda5054ad87.jpg'),(25,'Jacinthe','Paucek','Consectetur tempora eum natus dolores voluptas minus. Impedit temporibus eaque eos perferendis blanditiis debitis inventore. Enim laborum ut ad. Vitae sint cum necessitatibus unde officia ullam rerum.','tmp//2535906e26331dabd4bf80cd36fa7558.jpg'),(26,'Carey','Dare','Et eveniet repellat et. Non repellat et et itaque aut qui.','tmp//d0a0c4cfb4638f405d542c01719161dc.jpg'),(27,'Jacklyn','Bernhard','Ducimus earum et alias sapiente. Incidunt necessitatibus id qui. Unde natus omnis occaecati.','tmp//e66aef0f3fa0e513242b8f8f865387d2.jpg'),(28,'Marcella','Weimann','Assumenda omnis aliquid ut tempore eum ut. Molestiae et voluptatem autem. Ullam illo labore et. Quam et optio omnis quis.','tmp//390171ea5786c85a69811e38c13ed5dc.jpg'),(29,'Hilario','Purdy','Hic sed ea quia et doloremque dicta dolor recusandae. Qui assumenda autem est qui qui sunt ipsa. Dicta repellat nemo error voluptatibus omnis error. Itaque et sit molestiae voluptatem similique omnis vel adipisci.','tmp//d5973c2c981f53f699f7036608373962.jpg'),(30,'Webster','McGlynn','Deserunt veritatis quisquam ut voluptas aliquid saepe rerum. Aperiam impedit eos perspiciatis et. In modi laboriosam exercitationem veniam delectus sequi. Ipsa error id et asperiores.','tmp//d9917345c9e421b5866c4888880b300f.jpg'),(31,'Aliyah','Bergstrom','Sint neque sunt rerum et porro ratione expedita. Odit accusantium delectus a aut odit libero. Quia ut ut dolores nobis unde. Velit natus sunt nulla culpa tenetur.','tmp//951d08d7d367d257fab2162424f60d52.jpg'),(32,'Zula','Jacobs','Facilis nihil perspiciatis dignissimos et incidunt. Voluptatem neque et molestiae repudiandae provident. Recusandae perspiciatis velit temporibus laboriosam quisquam.','tmp//12ce768c68269a391ea4fa20f0c3b494.jpg'),(33,'Zoey','Koch','Beatae architecto amet rerum consequatur assumenda veritatis. Eligendi dicta et accusamus qui nostrum repellat consequuntur. Aut soluta non quo impedit ea.','tmp//b5500cb5f876e7497def13481ef69069.jpg'),(34,'Triston','Hagenes','Repellat autem eum nostrum in. Enim non exercitationem necessitatibus et nobis. Eveniet maiores quia maiores harum voluptas assumenda. Omnis et molestiae sit ut qui quasi et.','tmp//68dce9097847b6fe524ef22b3cb516ed.jpg'),(35,'Antonia','Osinski','Quod voluptatem necessitatibus vel sed et quia error unde. Sed deserunt ab fuga explicabo vero et deserunt.','tmp//bb939aee4433b6d38a3c3f8e6542074d.jpg'),(36,'Claudie','Shields','Laboriosam culpa ut dolore distinctio assumenda nostrum. Culpa optio delectus sit dolores dolor. Id velit fuga et laboriosam itaque voluptas dolor. Quod est laborum sint nesciunt quas molestiae occaecati.','tmp//011e695b64a404658d80ee96271d721b.jpg'),(37,'Cordie','McLaughlin','Minima odit esse beatae natus eaque architecto. Aut cumque aut suscipit voluptate laborum. Molestias iure qui facere dolore debitis molestias. Velit placeat sit sunt facilis nihil doloremque. Ipsam veniam quisquam et ut dolores cupiditate recusandae.','tmp//642dab232b34bd71a3073e4864abf562.jpg'),(38,'Marcellus','Hahn','Molestias cumque iste quia enim. Quia provident occaecati similique itaque. Animi voluptatum fugit provident et et animi cupiditate. Quia ut et perferendis quam.','tmp//47ccaeb3413dd8b993f5d5bc0186a180.jpg'),(39,'Tiara','Blick','In qui quasi consequatur provident. Aspernatur ad voluptatem quaerat nihil officiis aut. Aut modi sequi quibusdam tenetur. Minus rerum et error porro est molestiae dignissimos.','tmp//2df6622295287401570e5a4ee34b7e64.jpg'),(40,'Keyshawn','Marquardt','Et eaque nihil et minus. Harum sint quis perspiciatis nostrum. Quo omnis ut velit rerum non aut. Reprehenderit cumque ex in autem autem facilis ipsam. Sapiente aut tempore voluptas veniam illo.','tmp//6e01f0ab88c4fb1506c75d044df715f1.jpg'),(41,'Jonas','Block','Est recusandae consequuntur qui laboriosam eos. Alias occaecati ratione ut aut aspernatur atque in. Explicabo omnis quidem et ut.','tmp//509c073c8227a336305269eb0b482525.jpg'),(42,'Laisha','Abbott','Ipsam dolore ut harum. Asperiores quia voluptatem voluptatibus. Dolor ea molestiae sit et qui.','tmp//a61b0bc3648b557e181f8324ff82ab95.jpg'),(43,'Glen','Kuhic','Sit qui aliquid repellat quo. Ut dolor qui accusamus aliquam commodi. Voluptatem repellat dolorem quia voluptatem.','tmp//ef9865d0f9f9703b342d7c6324ad5076.jpg'),(44,'Arturo','Kiehn','Deserunt magni voluptates ducimus dolores. Quas iure eius veniam aliquid. Beatae qui eum iure iusto aut ullam exercitationem voluptatibus. Atque ut repudiandae sequi aspernatur quia.','tmp//1b5249ab430f92f120089b39e1814175.jpg'),(45,'Zetta','Nicolas','Aut doloremque voluptatem iste fugiat at. Eaque omnis tempore ut vero. Suscipit illum eum aut praesentium beatae maiores incidunt quae. Atque voluptates sunt nulla sed sed quia et.','tmp//ef61ea1ff48a84e4b7647b76ee824e07.jpg'),(46,'Alene','Kertzmann','Magnam consectetur quia omnis consequatur possimus praesentium ut voluptatem. Natus vel qui dolor. Vel voluptas delectus mollitia aliquid iusto eius.','tmp//50cfaf739f846667b34c1ecb5beac0ee.jpg'),(47,'Donny','Mosciski','Eaque possimus esse alias dolores perferendis repellat. Dolorem suscipit quas eos enim itaque iste nihil. Laudantium perspiciatis rem rerum eos in et.','tmp//40a29965f404b93221bcfcd50002c028.jpg'),(48,'Jovanny','Mertz','Dignissimos dolore laudantium totam sunt doloribus molestiae. Voluptate eligendi aliquid sed nisi. Maiores asperiores aut autem sit ut alias atque eligendi.','tmp//5587b112b3140701c87feb66d09a5722.jpg'),(49,'Cameron','Hammes','Accusamus consectetur illo dolor et. Aut sequi corrupti expedita quia qui aut. Sint error sit qui et omnis repellat dolor. Et veniam similique reiciendis corporis libero cupiditate facilis.','tmp//1484dc6efb2b138ef82164d9c1beea64.jpg'),(50,'Lyric','Lockman','Veritatis dolor sequi et odio tempora iusto. Minus dolore corrupti voluptatem perferendis fugit. Soluta aut quia enim et quis non saepe.','tmp//f58497bd3b7dab04a4125b6b0dde4371.jpg'),(51,'Adrain','Sauer','Hic vitae perferendis dolor nam repellendus vel. Maiores praesentium nisi qui ut et ut.','tmp//6d9153b58ff078545b2b59026bf0c325.jpg'),(52,'Addison','Littel','Est id quia voluptatem eveniet ea quia et aut. Doloremque eius est ipsam rerum. Harum et et molestiae quisquam ut minus repellendus.','tmp//f56917af7c4a0670449f513e868a5e86.jpg'),(53,'Santos','Rempel','Eum laudantium quo molestiae totam odio vero officiis. Quis dolorum et nostrum enim quia adipisci harum. Assumenda eligendi dolores quisquam molestiae doloremque.','tmp//df9ffce6891656b8462e061d132d641d.jpg'),(54,'Hilma','Hintz','Adipisci at consectetur eaque velit corrupti. Amet fugiat consequuntur enim vitae voluptatem voluptas rerum. Aliquid nam consectetur quo iste sit consequatur voluptas.','tmp//efa1a1fcc8a0d5cccf86dd2eff13fae9.jpg'),(55,'Aylin','Jacobson','Possimus distinctio exercitationem et magnam. Officia voluptates minus quia architecto. Sed dolorem velit sunt est aut nobis. Ut dolore occaecati temporibus ipsa mollitia.','tmp//ec78d0e0ccff57e8f7d7d149e277aa7b.jpg'),(56,'Onie','Barton','Cupiditate aut vero voluptate aut. Magnam blanditiis vitae aut qui et est laudantium. Accusamus et blanditiis maxime quia fugiat et ducimus.','tmp//c37d3e9206f941ffe744efe23bb874e4.jpg'),(57,'Taylor','Ferry','Tenetur ut beatae dolorem harum odio autem. Ex maxime harum possimus est dolorum unde eveniet eos. Dolorem corporis iusto sit aut vero voluptatem. Aut laudantium ducimus aut aut.','tmp//1cdb3cffcdd16e923b59e21c29d467f6.jpg'),(58,'Ava','Hamill','Sequi esse facere molestias sapiente deserunt qui. Ipsa quis mollitia recusandae alias aut hic qui. Exercitationem autem quia eveniet cum. Omnis dolor reiciendis voluptatum vero.','tmp//f1bfa8495e408b1a72e959437d335c80.jpg'),(59,'Marcus','Considine','Animi sint aut ad dignissimos harum. Consequatur eligendi aspernatur rerum cupiditate provident qui iusto aut. Saepe dolorem est aut rerum est aut.','tmp//53bda8cbc595646b0c056dbb7c172f9e.jpg'),(60,'Jed','Witting','Aliquam accusantium enim autem porro qui natus optio. Officia error consequatur consequatur perferendis aliquam architecto soluta. Itaque sint nemo minima ipsum consequuntur nulla. Id dolores fugit possimus sit perferendis commodi iusto.','tmp//e0c7fd836f096e7a63401858a2bb530e.jpg'),(61,'Heather','Gleason','Optio ea natus dolores dicta voluptatem adipisci. Animi ipsam sint tempora enim ut. Harum veritatis est totam dolorem quidem et.','tmp//3bed9a1535502dcf7b110a095c23c1dc.jpg'),(62,'Chaim','Donnelly','Eligendi facilis ab possimus esse odit. Tempore repudiandae omnis dicta repellat ea. Repudiandae provident et esse. Pariatur id suscipit veniam ut exercitationem iusto dolores.','tmp//4ffdbe1832d8e9db93953f6189f85bc9.jpg'),(63,'Alia','Wiza','Quo quis modi amet alias. Nihil doloribus assumenda sit quis voluptatibus voluptatibus asperiores. Qui fugiat eveniet quos cum voluptas. Unde et aliquam error dolorum.','tmp//16ebd1aacf501fffa8ee780a020bad97.jpg'),(64,'Tia','O\'Reilly','Repellat id minus occaecati necessitatibus. Veniam repellat eum reprehenderit voluptatum veniam rerum. Ad corporis nemo et non.','tmp//62a49a0f7e232046cc7082bc68e2333a.jpg'),(65,'Rose','Bernier','Dolore tenetur temporibus a quam. In quis asperiores ut nesciunt voluptatibus dicta. Dicta aliquid atque praesentium veniam expedita at. Et ipsam alias iste quas odit.','tmp//658234e5104449ffcd4097f89fda4610.jpg'),(66,'Allie','Harris','Vel eos vel sequi quia quis voluptatem libero minima. Fuga voluptas ut aut et sunt commodi. Praesentium et aut ut porro dolore culpa sit.','tmp//1c63f3bbecef743c4148e03df984abca.jpg'),(67,'Santa','Kshlerin','Repellat et at ut ea voluptatem pariatur. Earum aut dicta dolor doloremque. Magnam vero necessitatibus ut sed corporis distinctio.','tmp//27aea3774b31398a6d53fc44bfff06c8.jpg'),(68,'Robyn','Fisher','Et eum magni ut voluptatem doloribus. Perspiciatis corporis error voluptate enim magni voluptatem. Molestiae labore quod ad cum cumque incidunt voluptas. Porro ducimus ad facilis hic.','tmp//58058999d044f997ba60d24c8a885cb0.jpg'),(69,'Darion','Hermann','Voluptas consequuntur tempora nulla architecto at voluptas. Voluptatem et atque iure quia perspiciatis vitae et autem. Accusantium consequatur similique sit.','tmp//c576fa172309b3921fe54c2c80bd9af6.jpg'),(70,'Francis','Fritsch','Et nihil sint omnis ut nam a sed. Dolores explicabo vero quaerat fugiat unde.','tmp//3cb9d09190cebc269595d50e00a5164f.jpg'),(71,'Filiberto','Champlin','Et tempore non et minima fugit deserunt et. Nemo eum aut sint voluptatem. Accusantium repellat illo sint similique velit.','tmp//70aba5edea8e6e36ccd4a23573f53cbe.jpg'),(72,'Britney','Spinka','Nesciunt neque quia et esse. Consequatur occaecati est unde labore error sit. Et doloribus corporis libero est animi. Iusto molestias aspernatur mollitia quam et quis.','tmp//f9abcc0f0810b45f176d3fa82d0e1fb3.jpg'),(73,'Mayra','Windler','Dolorum voluptas iste unde totam corrupti similique inventore. Distinctio unde adipisci quo velit voluptatem ullam aut. Assumenda dolores itaque rem officia autem maiores. Provident excepturi sapiente aut quia sunt.','tmp//e76642fcfa62d38827909b6e77e99ba7.jpg'),(74,'Shea','Olson','Rerum qui corporis autem est nostrum nobis. Est cupiditate aut velit tenetur temporibus aspernatur iusto. Architecto asperiores explicabo sed enim aut quae architecto qui.','tmp//e9433fb024cebd5fa425ab054e66c62d.jpg'),(75,'Tanner','Zulauf','Et qui fugit molestiae quis velit qui id. Voluptas a blanditiis dolores debitis aut. Minus aut voluptatibus vero voluptas dignissimos.','tmp//8eacd61c44f8d79891bee26612be8560.jpg'),(76,'Jadyn','Gottlieb','Soluta consectetur ut qui illum nihil pariatur sunt. A exercitationem a illo nihil incidunt ad rerum. Eos atque ullam sit sit omnis et. Quia error placeat voluptatem mollitia et.','tmp//2a88cd0f976d0dd595a9a39261e6013f.jpg'),(77,'Clay','Baumbach','Illo nam eligendi aut quidem molestias. Aut reiciendis est aut ratione dicta et. Recusandae officiis eveniet autem consequatur quod.','tmp//cc34fcb66a4381b9f9f9b334f460ac91.jpg'),(78,'Anika','Stehr','Sunt doloribus et delectus ut facilis recusandae. Qui in eaque illo ut.','tmp//84de978097916e4cc72381bbd685c83d.jpg'),(79,'Kaycee','Schmitt','Sapiente facilis reiciendis ad vel. Aut at quia ipsam qui in aut. Velit est rerum qui at doloribus repellendus quos. Non facilis fugiat deleniti quam. Tenetur fugit ullam impedit facere autem.','tmp//4e01a76da4467aecc9162a649b8b64e8.jpg'),(80,'Rodger','Buckridge','Delectus asperiores officia quidem dicta molestiae. Est aspernatur sunt exercitationem hic reiciendis ullam repellat accusantium. Commodi recusandae sed unde cupiditate soluta eaque dolores. Ut distinctio dolore quia dolor.','tmp//bd83a32a8095c07b3295c56d91a9bc1e.jpg'),(81,'Dewayne','VonRueden','Qui minima necessitatibus quasi. In et excepturi dolorem ducimus neque esse reiciendis alias. Officia est aliquam deserunt et dolores quidem quod.','tmp//5925c74069db85e1d98168c3c6b81c95.jpg'),(82,'Denis','Ullrich','Sit porro reiciendis voluptatem ipsam eum ipsam. Quidem quidem doloribus facilis omnis. Accusantium corporis veniam consectetur nobis exercitationem. Distinctio officiis enim placeat sint earum qui.','tmp//68871a4d6e85f0c24794897faf10be00.jpg'),(83,'Kattie','Sporer','Distinctio laboriosam pariatur autem distinctio fuga. Ea distinctio a et est similique. Nihil sed fugit qui voluptate qui quos. Doloremque inventore possimus autem aut labore autem.','tmp//fb93887eb7aa6fd414bb927d33f252ee.jpg'),(84,'Chaim','Raynor','Consectetur nulla recusandae sit libero fugit aut nemo. Voluptatem quia accusamus quo voluptatem doloribus. Saepe repudiandae nam nemo in est facere quae. Autem est non nobis illum ipsum.','tmp//3eed7461cf34759ce5e8ce7b4322e8ad.jpg'),(85,'Helena','Streich','Ratione qui sunt quo dignissimos nisi. Qui est quae perferendis nihil asperiores non. Sit eos nihil rem est laborum accusantium.','tmp//c7a2b7378bc52cc8c5d6554d9ba9146b.jpg'),(86,'Faye','Paucek','Sint dolore sed libero aspernatur sed voluptate. Excepturi nostrum consequatur sint quis aperiam. Est maxime sapiente iste debitis. Ratione vel quo qui aliquam aliquam porro eum.','tmp//07b4cde38d1f79e7dbc95e4489003559.jpg'),(87,'Alycia','Kirlin','Et aut eos laboriosam sapiente accusamus inventore. Voluptatem omnis maiores aperiam iure. Architecto et dolore excepturi suscipit nihil nisi ea. Sint id sed sed et ut dolor dolor. Facere quaerat est debitis veniam voluptas perspiciatis.','tmp//0e68bc5fd3047b6884c87cc1618b7727.jpg'),(88,'Cordia','Blick','Consequuntur ut consequuntur qui vel. Laborum adipisci sapiente veritatis eos. Velit quia quibusdam et blanditiis. Id sed et quos corporis assumenda impedit quae.','tmp//7d4aab2cbd20bfd449824a356009b5f0.jpg'),(89,'Roma','Runolfsdottir','Delectus eius laudantium distinctio dolorum unde sed. Architecto dolores minus repellendus ipsa officiis quod. Dolor saepe sapiente est est quis officiis est. Commodi veritatis cum alias et corrupti.','tmp//753f9e91e60c1fd57134cf854a79cc01.jpg'),(90,'Albertha','Beer','Necessitatibus nihil explicabo distinctio eum sit illo. Officia aliquam eligendi ut. Voluptas magnam rerum animi voluptatem delectus similique ut. Possimus ipsam quo totam voluptatum consequatur quaerat repellendus.','tmp//e87aafbd5d0207c07de24e24ad5e7e33.jpg'),(91,'Olga','Reichert','Repellat voluptatem temporibus odio maxime. Incidunt dolorem ex debitis consequatur fugiat labore sed occaecati. Omnis hic facilis enim eius voluptatem dignissimos.','tmp//41e55f3abb45b62795d5fab134290933.jpg'),(92,'Kailyn','Lesch','Quo laboriosam alias non assumenda. Asperiores quis eos earum enim sequi. Vel molestiae cumque excepturi voluptatem vel officia debitis.','tmp//ed98e967bad7cbf4cebc5202dcf66a8e.jpg'),(93,'Crystal','Luettgen','Temporibus amet quos et fugit. Aut aspernatur velit est doloremque ipsum sunt veniam. Ea nam incidunt cum. Officia et minus quidem.','tmp//04a2621ce73bee2dcce67839a78dab25.jpg'),(94,'Dorthy','Rath','Eos et dignissimos optio occaecati tenetur. Ipsa cumque fugiat aut. Repudiandae adipisci facilis soluta at.','tmp//0e37beb7130395fdcacea82254d118db.jpg'),(95,'Brittany','Keebler','Porro voluptatum aliquid id iure autem mollitia recusandae. Sit recusandae officiis nemo aut ut. Nemo est aliquid saepe laborum.','tmp//c47b624e81c815786c3bb88d2cc84f92.jpg'),(96,'Audreanne','Bahringer','Eos alias dolorem asperiores culpa. Sit non dignissimos nostrum sed perspiciatis. Totam amet sit doloremque in at delectus dolores maxime.','tmp//a3ff50bea56cd5acde779e0b73dcdf07.jpg'),(97,'Chaim','Sipes','Asperiores aut et veritatis corrupti consequatur. Repellendus ducimus laboriosam aut veniam et dolor. Corporis voluptates aut dolorum quidem.','tmp//939a47867cd1a6fca78d331b2903f87a.jpg'),(98,'Clotilde','Huel','Aliquid ad et occaecati expedita est. Beatae iure odio quia unde delectus id quia.','tmp//d1d09cc73c3350eec299c4ea51d88c90.jpg'),(99,'Florian','Lemke','Omnis maiores nihil dolor maxime. Sunt provident rerum enim sapiente ullam voluptatum.','tmp//51fff93ded31ef6d61ab026b5baef33e.jpg'),(100,'Dallas','O\'Connell','Eaque reprehenderit facere rem temporibus. Sed sit sit quaerat natus qui quia consequuntur. Officia at voluptas hic.','tmp//a59716b2c0d7a3e171f58b7fa9b4a549.jpg'),(101,'Dedrick','Koepp','Quia consequuntur qui fuga nulla cumque. Voluptatem quasi nam eos quis nobis nulla. Dolores sed necessitatibus est velit minus aut. Aut et sed tempore odio et. Rerum aut eum et.','tmp//dfa5e77a07aad0a12b6666a5504cbfa2.jpg'),(102,'Lizeth','Waters','Voluptates fugiat enim incidunt aperiam ut suscipit perferendis exercitationem. Vero culpa eius incidunt nam. Sed unde et dolor nesciunt quis consectetur velit dolores.','tmp//461c777174a1d305cd38acc73217d289.jpg'),(103,'Kory','Kris','Et iste praesentium rem sint. Eum inventore ut vel perspiciatis. Laboriosam dolore vitae quos.','tmp//6c8e332deb9ed8da4bbd500ebbceb262.jpg'),(104,'Vivianne','Torp','Est voluptatem quo voluptatibus. Vel in perspiciatis reiciendis odio. Nihil quos non temporibus dolorem nesciunt est ad.','tmp//9508b898700e57893bc80c63671d20ad.jpg'),(105,'Dandre','Hagenes','Nostrum qui nisi adipisci non eos praesentium. Mollitia ad minus dolorem deserunt vel sit cupiditate. Vitae ab voluptate velit sed dolorum excepturi repellendus. Minima esse dicta et aut excepturi ad.','tmp//0cfe40d1ff722c8a52a64bdf9c1edcd0.jpg'),(106,'Aracely','Steuber','Adipisci ullam maxime cupiditate. Officia alias doloribus sint distinctio culpa repudiandae. Aut corrupti sed ad reprehenderit illum nulla.','tmp//32c25b42cb9b47099e6fc5eaf72bb30f.jpg'),(107,'Rico','Kuhlman','Possimus fuga vel cupiditate ducimus neque. Ut vel sit sed expedita id. Debitis et id provident et iure. Officiis corporis error vitae delectus consequatur amet deserunt.','tmp//65df73479cfdb4ff7117be897a07a285.jpg'),(108,'Nyah','Connelly','Totam ut nobis aut deserunt ad. Delectus non voluptates eos labore sint sapiente ut. Minima ipsa veniam quas. Omnis natus voluptas quis minus possimus sequi.','tmp//20580fd44764ff1b0af5d58e5f7465e0.jpg'),(109,'Alene','Mohr','Officiis quas rerum deleniti eveniet incidunt nihil eos. Eius fugit dolores voluptas est maxime eum qui magnam. Dolores quos et reprehenderit.','tmp//9b4cb098e7a69e31b214f70584234158.jpg'),(110,'Adrien','Abshire','Nulla et quam soluta quis sit nam nobis. Autem ipsa quo delectus totam.','tmp//695ed702dbe7c1c5a8b7da615e6386a7.jpg'),(111,'Buster','O\'Conner','Laborum doloribus cum quis quae. Nobis nesciunt quis quia magni aut. Sapiente commodi voluptate officia et consectetur dolor.','tmp//a7cbab0b4a607fe13fa3f3cf2d11509f.jpg'),(112,'Gonzalo','Wilkinson','Quo eaque temporibus repudiandae quis. Ab tempore et ducimus veritatis quo deserunt accusantium.','tmp//8fdc372877dce67ce4a9f1f7890caa57.jpg'),(113,'Elsie','Feest','Perspiciatis et ut reprehenderit accusantium distinctio repellat repellendus. Et iure porro odio tenetur et harum velit. Illum rerum vero sed sed iste. Et qui ducimus asperiores in ea sed.','tmp//1bdd80fca1607754e4d1610573321a80.jpg'),(114,'Beth','Trantow','Qui et molestiae aliquid amet. Reprehenderit molestiae rem dicta quos. Sapiente dolorum repellendus sit labore. Alias ex reiciendis tempore ut repellat eos.','tmp//686464688c35eebdba966f89fa1890a7.jpg'),(115,'Hilario','Robel','Velit nisi qui sit odio cumque. Repellendus minima eos dicta quisquam autem voluptate. Et ex voluptates distinctio asperiores.','tmp//c95c65af50c998d778933ed95f28b2ba.jpg'),(116,'Uriel','Wintheiser','Provident dolorem ratione occaecati reiciendis deleniti maiores. Aliquam aspernatur alias vel qui modi incidunt. Ut accusamus quo quo quia.','tmp//a71a1dcdefdbc2fd66c52196d5e90a55.jpg'),(117,'Lee','Trantow','Doloremque est nihil itaque omnis qui facere. Eveniet quidem voluptatem amet necessitatibus delectus nihil. Ipsa qui laborum at qui.','tmp//340d8cab96a76f8f097eb38a3379d869.jpg'),(118,'Citlalli','Kemmer','Quibusdam consequatur ea earum sunt vitae rerum. Ad officiis quaerat optio ea. Omnis distinctio ea quis quasi cum possimus.','tmp//95ea88b0fb95fa756418d71e0d6b1579.jpg'),(119,'Stanford','Bogan','Pariatur autem cum nihil blanditiis ut vitae neque. Vitae asperiores ipsum sit voluptatem iure perferendis ut.','tmp//9a136b3fb79c68e6f9c3fa51c19573ed.jpg'),(120,'Kailyn','Casper','Animi optio officiis autem quis molestias doloremque. Autem quibusdam aut consequuntur nostrum eveniet. Necessitatibus nobis sint corporis autem perferendis.','tmp//f5614a547f6ca927e338aa1153dbba6f.jpg'),(121,'Craig','Murray','Debitis corporis omnis eum sit tempore. Provident fugiat nihil nostrum qui eaque nobis. Velit enim vel illo sit vel autem corrupti.','tmp//01ec63a80d3360e75f976684e0699c6c.jpg'),(122,'Mackenzie','Fadel','Exercitationem quod voluptates possimus et rerum. Voluptatibus quam soluta facilis dolores. Ad a libero ratione exercitationem provident. Aut et nulla quam. Magni autem sint consequuntur reprehenderit alias.','tmp//8c36663dd6962406aae2652f86ca2e17.jpg'),(123,'Bridie','Kihn','Quos ut minima nihil rerum non. Et earum nisi eum praesentium molestiae praesentium dolor. Dolor quidem voluptates animi est.','tmp//ba42301116bf61702af41db9f6fc42b2.jpg'),(124,'Phyllis','Hermann','Qui quisquam sequi aliquid dolores consequatur eum. Reprehenderit nihil sequi sed molestias pariatur similique. Provident nemo asperiores dolor neque. Odit iusto quia voluptatem veritatis aut tempore provident.','tmp//8a87043cb0db5e6ace935e41bee3b2a1.jpg'),(125,'Elta','Brown','Eum eos autem distinctio porro quidem. Sapiente nostrum amet expedita eveniet. Quas et consequatur sint rerum consequatur molestiae.','tmp//bbd06e72297aa67aba7faf7ae092e3e1.jpg'),(126,'Marie','Corkery','Rerum voluptas itaque consequatur quam illum qui delectus. Aut eaque et consequatur illum. Commodi molestiae occaecati in molestiae non.','tmp//293ef2890416dd7bf871e9c83a58edc5.jpg'),(127,'Marlene','Hane','Sapiente facere dolore nulla voluptatum. Quis aut veniam possimus est magnam. Sint quam delectus ea veniam. Accusamus sit est maxime delectus voluptatem recusandae.','tmp//c3e970bb1f877308e1c5a5c9a8272b52.jpg'),(128,'River','Zemlak','Veniam maiores est delectus mollitia rerum. Nam cupiditate dolor voluptatum eius asperiores rerum. Et nemo ut est.','tmp//6152846f158ff5444a5d2870c8e7b586.jpg'),(129,'Karelle','Huels','Quidem maxime omnis doloribus minima nemo quaerat eos nesciunt. Culpa cumque iusto voluptates et.','tmp//13e8ffd8ced12c92c63a39214d81ed22.jpg'),(130,'Emery','Gutmann','Tempora earum quaerat atque iure eos eum. Non doloremque id dolore praesentium ipsam blanditiis. Fugit voluptas vero impedit voluptatem. Veniam ut aut perspiciatis doloribus libero numquam.','tmp//97f00bdb747a34c425957d840a4bca67.jpg'),(131,'Fiona','Barton','Dolorum sequi iusto itaque ut ab quasi amet. Tempore ducimus dolor odit ut porro. Provident consequatur quis enim sit a.','tmp//7c69b67321fa68c29af5ee7758bfa0be.jpg'),(132,'Veda','Rowe','Eum exercitationem suscipit sed. Beatae recusandae ut doloribus. Quasi est exercitationem numquam in et. Aut beatae ullam autem.','tmp//cb46d7e2c1538a8e1c819c59f90ad04a.jpg'),(133,'Jaycee','Hirthe','Est enim aspernatur fugit nesciunt exercitationem illo. Et voluptatem a sint itaque iusto quisquam. Sint voluptatem consequatur quod ducimus asperiores occaecati quod voluptatem.','tmp//335070e8980296c25b8489f3d85f8f95.jpg'),(134,'Genoveva','Olson','Provident facilis vel aliquam ullam. Fugiat omnis occaecati optio iusto.','tmp//f38641d35933f63e5954195536f1fb89.jpg'),(135,'Jana','Kreiger','Accusantium rerum tempora sunt ut autem praesentium non. Quidem nemo a adipisci eligendi temporibus culpa. Ipsa molestiae ut tempore corrupti ducimus ea.','tmp//0e6d97474d1144bf3792b84ae020fa38.jpg'),(136,'Cedrick','Jakubowski','Repudiandae quam facere ea minima. Ipsam eum dolore qui rerum. Animi repellat eos et quidem voluptas. Est eos inventore et exercitationem deleniti quisquam dignissimos dolor. Est aperiam est facere minima.','tmp//9c515f71d0b7ba436eeab395e98f41df.jpg'),(137,'Darrick','Larson','Totam quasi blanditiis blanditiis aspernatur voluptas animi. Et qui harum odio aut est. Laboriosam harum qui corporis non est nobis. Sed nobis ullam voluptates consequatur aliquam voluptatum est quo.','tmp//f83f335be42be3a390bfcbf2ea852530.jpg'),(138,'Mac','Wisozk','Est odio itaque consequuntur iste consequatur sint est et. Ut quod ipsam adipisci. Quis ipsam deleniti sequi voluptatem consectetur.','tmp//59d008ab6f361f15bf07d8a7e4fd230b.jpg'),(139,'Elton','Thompson','Rem qui repudiandae similique deserunt ullam consequatur. Deleniti dolorem accusamus quaerat dolorem at omnis. Qui inventore neque deleniti qui quaerat velit. Maiores quaerat ipsum magnam ut.','tmp//0f758f5e630581c1f8925c5a6b418b09.jpg'),(140,'Ludwig','Kreiger','Nesciunt eum facere et voluptatibus omnis similique consequatur. Nostrum deserunt aspernatur et sit sed. Hic qui dolore sunt voluptas. Incidunt quia unde eos omnis maiores quia sunt.','tmp//e35b71408b9387e22d653e0cd78a881b.jpg'),(141,'Araceli','Schmitt','Nihil consequatur illum voluptas optio occaecati vel eum. Aperiam fugit eos totam iusto repellendus. Et ut quia corrupti mollitia.','tmp//9ebae0cbfb2009db912e33cb379f0561.jpg'),(142,'Aryanna','Beier','Quaerat minus eveniet nostrum enim. Sit sint eius blanditiis exercitationem voluptates vero.','tmp//bdc4031ccf85aff83905764887cf694d.jpg'),(143,'Magdalena','Bailey','Eum dolores ut sunt voluptatem. Error quasi alias laboriosam laborum autem. Nisi exercitationem hic dignissimos tempora velit.','tmp//35bda9b766d874f3af23ce06a7168860.jpg'),(144,'Shanna','Kozey','Pariatur quam quia cum deserunt velit. Omnis voluptas debitis vel facilis sequi facilis deleniti. Tempore impedit magnam provident ducimus ad molestiae at.','tmp//9e2964ed82d22f2505418c8ca63c0812.jpg'),(145,'Eli','Veum','Consequatur cumque qui consequuntur. Cupiditate debitis aspernatur recusandae blanditiis eos placeat et quidem.','tmp//3012824029ed05870a0df8abc3303a4e.jpg'),(146,'Arturo','Mertz','Deserunt aliquid consequatur illum. Voluptatem iste corporis qui voluptatem. Ut accusantium non voluptas quisquam asperiores suscipit in. Ea voluptates id voluptate ea et amet sed.','tmp//247c99214fe35083b5d2bb068adceeb5.jpg'),(147,'Eve','Von','Eveniet id quidem at in voluptatem id eligendi. Non occaecati quia qui quo nihil. Et sit at harum laborum quibusdam sed aut minima.','tmp//5f769518f9880c3db2e38897f4e94ae6.jpg'),(148,'Giovanni','Raynor','Nihil quam doloribus ea facilis blanditiis. Ex quis voluptatibus et tempora in et voluptatem minus. Et rerum qui voluptas voluptatem sed aperiam ea corrupti.','tmp//443dc2ed060d7e4fe616c32ec8923b25.jpg'),(149,'Yolanda','Bogisich','Sunt corrupti magnam corrupti. Fugit reiciendis vel fuga et. Est recusandae exercitationem alias corrupti quas rerum cumque. Delectus cupiditate autem corporis sint facilis totam.','tmp//73295035e6cad365e5a8c14a44b5a2fb.jpg'),(150,'Dusty','Moen','Et aut consectetur ea porro. Fugiat fugit qui ut ullam. Sequi dolores est omnis ab pariatur delectus. Autem odit animi neque odio.','tmp//d3976ebf996a6006cad77d7379412ed3.jpg'),(151,'Lizzie','Hauck','Aut voluptatem aut tempore accusantium in magni amet. Occaecati perferendis corrupti id eius quasi nulla quia nobis. Ratione doloribus velit consequuntur unde. Voluptates non voluptas ea.','tmp//12964a979fd5f3a756a2ba91ec23d93c.jpg'),(152,'Tavares','Towne','Voluptas quod maxime qui. Explicabo rerum consequatur molestias laudantium consequatur quidem ut. Voluptas sit et aut omnis voluptatum perferendis sed repellendus.','tmp//0e94ed23c36d080a5d4920bccbd8b1a3.jpg'),(153,'Fannie','Lang','Sed molestiae deserunt minima reprehenderit eius quia. Fugit autem voluptatibus sit in soluta vero ab nihil. Velit molestiae et cumque necessitatibus ut rerum laborum dolor. Deserunt sit vero distinctio tenetur architecto provident itaque.','tmp//464369e04d2e2625a4c5e1e671707afb.jpg'),(154,'Dario','Gorczany','Facere nihil expedita quis veniam ut. Animi quibusdam dignissimos maiores et. Est et ab ducimus et ipsa. Quisquam voluptatem dolorem iure quis.','tmp//dad1732b2b4388ed5741206afb166539.jpg'),(155,'Maddison','Hahn','Et accusamus libero maiores occaecati dolor. Excepturi quia omnis inventore maxime nobis pariatur officia. Est quod perferendis dolores id.','tmp//709c9976fbff198b966688e182d40702.jpg'),(156,'Ashlee','Dibbert','Aliquam est pariatur exercitationem dignissimos. Aut reiciendis quo labore voluptatem velit. Est odit iusto molestiae non veritatis deleniti. Quia facilis dolorum maiores ut incidunt.','tmp//4cba0d22508cd16799a6dc841be95d92.jpg'),(157,'Kathlyn','DuBuque','Nulla dolor deserunt laborum. Totam sit vitae dolores veniam omnis ea iusto. Non quia optio adipisci quo qui ea sit. Qui et occaecati repellendus sit laboriosam inventore.','tmp//af948bc9f8e4a2d9c047bec7bf51915a.jpg'),(158,'Eli','Schroeder','Accusamus voluptatem praesentium iste repellat error qui. Recusandae ex dicta sint rerum. Dolores ex non repellat itaque. In eius officia repellendus voluptatem.','tmp//7b0676cd54b571c8aa69fef967788e7d.jpg'),(159,'Alicia','Stracke','Assumenda saepe ducimus vel nihil eligendi dolor. Aut recusandae aut provident qui temporibus. Perferendis ea nulla quis autem quae mollitia omnis.','tmp//ecd7957488ddf162945619e8e66f7426.jpg'),(160,'Elwyn','Romaguera','Illo reprehenderit ut voluptatem omnis fugiat et cumque. Sunt ut eaque fugit ut earum. Deserunt eius maxime ratione deserunt commodi ducimus.','tmp//b12d3aa1c0818779d4b6bb592c884582.jpg'),(161,'Ricky','Stiedemann','Reprehenderit voluptates aut nam nobis ut et. Sunt autem perferendis beatae cum nihil ducimus. Exercitationem a eum aut incidunt. Aut dolore in at velit et et.','tmp//f7ef09deb2fe05311c1aae5716f26c45.jpg'),(162,'Kris','Feeney','Amet ut quam impedit velit id. Illo ut possimus necessitatibus. Nesciunt dolorem modi et necessitatibus. Deleniti et sed error animi praesentium dolorum similique.','tmp//8cfa2323a1a00c3157ce499a7a061076.jpg'),(163,'Icie','Gleason','Minima ut et officiis illum minima nisi. Doloribus qui aperiam voluptatibus quaerat quaerat voluptatem non. Libero molestiae nihil voluptatem amet omnis et.','tmp//89db447d692245ce644d75522ff64689.jpg'),(164,'Tre','Harvey','Rerum est eaque architecto ratione. Autem laborum molestiae facere soluta sint laborum voluptatum.','tmp//943a42ad64ce71cb82a7f14bdd06ca3a.jpg'),(165,'Maiya','Stanton','Laboriosam rerum quae nisi odit facere ab dignissimos. Tempora dolorem velit ut veritatis. Dolorum et magni dicta hic velit molestiae consectetur.','tmp//95c1cfef92f8c26b8d2a489aaaf7232d.jpg'),(166,'Horacio','Halvorson','Quod ipsam perferendis distinctio adipisci nisi id. Amet cum est sit ratione quibusdam et quasi. Modi vel voluptatem nostrum quam necessitatibus.','tmp//9ca5b7915f4ffbfc8c9ebe13461a7cca.jpg'),(167,'Jayme','Renner','Eius iure autem et in velit qui dolorum. Minima assumenda voluptatem eveniet. Dolore temporibus cupiditate vel magni atque est.','tmp//84b420e65286982da524373828a75297.jpg'),(168,'London','Stamm','Consequatur voluptate qui voluptas doloribus. Accusantium fugiat itaque quo magnam. Tenetur temporibus et eius voluptatem.','tmp//90fabadd2e40ce82ab8d6145fe1ac33f.jpg'),(169,'Eileen','Davis','Non non aspernatur quaerat aliquid placeat consequatur excepturi qui. Architecto facilis temporibus autem cumque.','tmp//ad58dd1f4516c5026265d8eda0e28a60.jpg'),(170,'Lesley','Stiedemann','Ad pariatur sint doloribus repellat. Alias laudantium fugit atque. Consequatur numquam dolore vel. Perferendis ullam quisquam mollitia maiores dolore quisquam.','tmp//3b91e5a6f0db69140b0f33a26f4a3d58.jpg'),(171,'Bertrand','Orn','Nemo quia voluptatem in accusamus voluptatum impedit. Itaque velit ea consequuntur est omnis assumenda fugit dolorem. Aliquid explicabo deserunt aut enim recusandae iusto ducimus. In impedit pariatur nisi est qui commodi et.','tmp//ad16724ba54c6c4a1f7db7d4a2fb4819.jpg'),(172,'Reta','Bogisich','Ullam fugit aliquam reiciendis. Aut modi nihil nihil aut sit. Aut quod ad voluptatem inventore.','tmp//f48e3f1dd213389663f43b925949e631.jpg'),(173,'Darrick','O\'Connell','Qui repellendus inventore quasi reprehenderit possimus ullam. Iusto maxime facilis quis vero minima reiciendis voluptas quis. Laborum tenetur sed ut aut.','tmp//b081bbe41d4b0ec4c69c2838d3da2d20.jpg'),(174,'Wallace','Boyle','Temporibus nulla tempora doloribus in. Ut aut sit vel et architecto. Sunt et earum voluptatum quos omnis ratione minima atque. Culpa nobis voluptates expedita laboriosam tempora saepe.','tmp//ff55c85e98c098097001641e3801f996.jpg'),(175,'Penelope','Jakubowski','Mollitia ut non suscipit rerum. Nesciunt hic sint pariatur aliquam praesentium doloribus. Similique enim totam vitae magni minus repudiandae. Voluptate amet perspiciatis dolor illum non distinctio.','tmp//38f56d032f73249087eb32dacaacfffa.jpg'),(176,'Erica','Franecki','Iure reprehenderit voluptas neque ut et sed consequatur. Velit sint praesentium ipsam quaerat. Quis veniam rerum ullam soluta assumenda in numquam.','tmp//d224b78be37c53ce6a27b34b9acbc579.jpg'),(177,'Raleigh','Gislason','Iure et vel et animi quibusdam. Dolor architecto et amet quas. Architecto distinctio omnis corporis hic id provident.','tmp//a9661388da16b11b57db2ecc1eb8250e.jpg'),(178,'Amanda','Wiza','Veniam porro suscipit minus. Amet alias est dolores aliquid et sint voluptatem. Soluta at perspiciatis id et quod. Reiciendis quia nisi nisi laudantium modi maiores.','tmp//ff43acea91d9db20a2734f3c4afb141d.jpg'),(179,'Gaston','Rowe','Laboriosam totam beatae officia inventore aut voluptatem. Perferendis voluptate minus accusamus autem velit. Deserunt quas perspiciatis hic in. Tempore corrupti non id ut voluptas unde totam. Voluptatum repudiandae eveniet blanditiis expedita qui consectetur reprehenderit.','tmp//18699106c1ec9efcac4b6c95fec280a6.jpg'),(180,'Ali','Hayes','Praesentium natus occaecati earum vero et cumque. Veritatis ad voluptate pariatur qui. Tempora illo exercitationem quam impedit qui et dolore.','tmp//fb3f21e78fc7f107ff39be5bdf234ded.jpg'),(181,'Manuela','Gleichner','Expedita possimus commodi et ab. Rerum et animi et. Ducimus aut aut earum.','tmp//0416d16dc6eec85ee93b702d2d764e85.jpg'),(182,'Albert','Abshire','Est aliquam repellat dolorem quia nostrum praesentium. Laborum ea animi nihil quae et labore maxime. Voluptatem accusantium ab qui et molestias illo. Maiores sed dolores ut exercitationem.','tmp//2666e3e14edb96505d6bdc0f13df718c.jpg'),(183,'Allen','Parisian','Qui dolores deserunt quas sunt quae. Nemo enim corporis enim ab assumenda omnis laudantium aut. Distinctio quas fuga nesciunt doloribus eligendi ea. Minus blanditiis quasi earum pariatur unde eos.','tmp//3c03a68fb9b8f63f65ec7b7890e82a87.jpg'),(184,'Gussie','Schinner','Aut consequuntur quasi nemo voluptas molestias consequatur. Eum quaerat ut inventore consequuntur. Incidunt eum impedit blanditiis esse cumque omnis aspernatur ab. Dolores enim et consequatur exercitationem itaque et consectetur fugiat.','tmp//2352f3f4cec80a25bd79a50b00e9624f.jpg'),(185,'Jadyn','Doyle','Sunt suscipit rerum corporis rerum occaecati eum velit sint. Voluptas voluptatem at optio tenetur est necessitatibus doloremque. Assumenda veniam impedit eum temporibus sapiente commodi. Natus quos assumenda voluptatibus laborum sed.','tmp//d30ed0058d743e355073dae37c3255b2.jpg'),(186,'Kyla','Prosacco','Omnis corporis magni laudantium ipsam odit voluptates et. Est fugit aut et. Repudiandae sit cupiditate et consequuntur et.','tmp//bc9b2e28239cf70719aea48fffe7252a.jpg'),(187,'Brycen','Balistreri','Repellendus voluptatem perspiciatis sunt aut autem minus excepturi. Et a modi dolores accusamus. Veritatis sint labore omnis.','tmp//7e66c3897ffbc55124077e91a28043cc.jpg'),(188,'Harrison','Schmidt','Blanditiis ut corrupti cum id. Veniam totam fuga ut et beatae. Rerum quam et excepturi. Maiores animi et est placeat tempore consequatur provident.','tmp//a8680bce5a886d0d4f8e68e6e2d64c37.jpg'),(189,'Judy','Davis','Doloremque qui sit et et cupiditate exercitationem perspiciatis. Natus necessitatibus consequatur natus deserunt. Beatae vero excepturi ut et eos est et. Eligendi et quia sequi eum libero quia.','tmp//b598477e2eb4a26a251d551e51f9f30b.jpg'),(190,'Deondre','Bergstrom','Dolore itaque est possimus atque et consequuntur illo at. Repellat esse earum autem quibusdam. Quisquam minus et quia aut. Rerum rerum molestias dolorem. Iste quisquam sunt non cum dolores.','tmp//5ec8ed859f9b7d31ae2f55afc1b0104f.jpg'),(191,'Desmond','Schowalter','Aut et aut numquam natus. Est eligendi aliquid itaque omnis labore. Repellat et officiis modi.','tmp//9a2f43099ee4c4a79b93dc4602f1679c.jpg'),(192,'Mortimer','Gerhold','Adipisci voluptas et deserunt dolores error. Et voluptas omnis soluta dolorem quasi iste non. Vel veniam quis ullam. Qui autem eveniet blanditiis fuga.','tmp//b2ba658dc5888f33c6d029e29b15180c.jpg'),(193,'Karli','Mueller','Esse tenetur aliquam molestias ut reprehenderit consequatur. Eum neque optio repellat eum neque.','tmp//59989712094ce110b67fd03b796995c4.jpg'),(194,'Angelita','Kuhlman','Vel blanditiis tenetur dignissimos nam molestias praesentium libero maiores. Eius doloribus explicabo odio iste. Recusandae explicabo deleniti tempora et vitae. Voluptatem et consectetur sint odio non.','tmp//49a4109625f1e913846e09d0fd925790.jpg'),(195,'Emmett','Legros','Sapiente culpa ipsam autem qui voluptates consequatur odit. Dolorem ipsam dicta suscipit molestias ipsam. Eligendi aperiam ut est quis iste dolorem id tempora. Blanditiis recusandae rerum nihil laborum assumenda ut et corporis.','tmp//9ba34a50cecf4af335891d72c5749593.jpg'),(196,'Marina','Conroy','Magnam tenetur voluptate asperiores odit ut nihil voluptatem. Qui repellendus non rerum quos earum aspernatur earum. Quia aspernatur sit ex eum.','tmp//0cea7e3043992930407a295ec33ff533.jpg'),(197,'Ariane','Larson','Repellat et ut cupiditate blanditiis possimus et. Debitis officia qui aut et placeat provident nam. Omnis assumenda eveniet qui et.','tmp//d59c705c587e4ffb5c71b886f2527f7b.jpg'),(198,'Audie','Senger','Aut dolores quia cum sit sed rerum. Maxime quia alias quia non suscipit itaque. Sed fugit minus et maiores. Est nostrum recusandae qui rerum veniam architecto voluptatum. Velit vel sed voluptatibus et.','tmp//c38858e1884a1887a0615f02d025a306.jpg'),(199,'Jasmin','Heidenreich','Voluptate nihil earum velit est in. Maiores dignissimos autem culpa voluptates enim neque. Modi saepe tenetur molestiae dolore quod ea. Voluptate ea officiis consequatur est dolorem qui quasi. Voluptatibus quae et necessitatibus autem sit adipisci.','tmp//3b145c8ac928202c84a1a572fa9d24e6.jpg'),(200,'Janie','O\'Keefe','Autem doloremque provident nobis fugit unde exercitationem quia sint. Et ut voluptas officia sunt est. Alias unde vitae tempore veniam ullam. Perferendis qui nostrum ut.','tmp//3c47cbe6ab1bec6856f3dda062b93286.jpg');


-- список жанров
DROP TABLE IF EXISTS genres;
CREATE TABLE genres (
	id SERIAL PRIMARY KEY,
	name VARCHAR(255) UNIQUE NOT NULL 
);

INSERT INTO `genres` VALUES 
(20,'adventure'),
(13,'analytic'),
(24,'biography'),
(19,'classic'),
(15,'comic'),
(16,'computer science'),
(25,'crime'),
(5,'detective'),
(9,'drama'),
(2,'essay'),
(22,'fable'),
(3,'fairy tale'),
(14,'fantasy'),
(12,'fiction'),
(10,'history'),
(26,'horror'),
(7,'humor'),
(1,'legend'),
(27,'managment'),
(4,'memoir'),
(6,'mystery'),
(8,'poetry'),
(18,'romance'),
(11,'sci-fi'),
(23,'speech'),
(17,'suspense'),
(21,'action');


-- библиотека, бесплатные книги имеют subscription_id = null
DROP TABLE IF EXISTS books;
CREATE TABLE books (
	id SERIAL PRIMARY KEY,
	name VARCHAR(255),
	`type` ENUM ('book', 'audio'),
	publisher VARCHAR(255),
	publication_date DATE,
	translator VARCHAR(255),
	page_number INT,
	annotation TEXT,
	`size` INT,
	file VARCHAR(255),
	subscription_id BIGINT UNSIGNED,
	INDEX books_name_idx(name),
	INDEX books_publisher_idx(publisher),
	FOREIGN KEY (subscription_id) REFERENCES subscriptions (id) ON UPDATE CASCADE ON DELETE SET NULL 	
);


INSERT INTO books VALUES (1,'qui','book',' Fireplace','1995-04-10','Burdette Turner II',302,'Corrupti dicta nisi non labore dignissimos nostrum. Quia cumque porro aut ratione fugit est voluptas. Et odio illo vero officia. Aut unde qui veritatis maxime quidem sint.',930,'mobi',1),(2,'explicabo','book','New Times','1983-01-11','Ivy Sipes',1338,'Maiores id rerum nisi eum suscipit ut. Sit consequatur ut magni nobis. Ducimus voluptatem aliquid asperiores.',391,'mng',null),(3,'et','book',' ForFun','2008-03-26','Uriah Bernhard',1005,'Rerum suscipit iure et tenetur ab explicabo sed. Itaque quae perspiciatis et et illum aperiam. Eos est et vel mollitia aperiam magnam. Qui ipsum corrupti consequatur repudiandae sint vitae fugit.',858,'mp4',3),(4,'delectus','book',' Warm Sweater','1981-01-09','Orpha Carroll',1142,'Eos corrupti rerum qui sed odio et. Quasi sed eum quasi nostrum dolorum tempora soluta natus. Vel modi ipsa excepturi dolor quasi esse et occaecati. Voluptas dicta repellat ut sit et architecto.',839,'cgm',1),(5,'quia','book',' Only Losers','1980-09-13','Caroline Feeney',850,'Cupiditate libero molestiae quos nostrum. Architecto ipsum eos aut quia nemo ratione quis. Sit impedit vel laboriosam saepe dolorum ipsa nesciunt. Rerum velit numquam consequatur.',671,'dd2',2),(6,'et','audio',' GoGoBy','2012-12-21','Eldon Herman',890,'Quia voluptates sed libero aliquam laboriosam. Placeat cupiditate debitis omnis voluptatum ad ea voluptatum aut. Sit error repudiandae laudantium totam eum illum. Aspernatur sapiente doloremque rerum omnis quibusdam. Voluptas voluptas voluptatibus ut accusamus praesentium maxime reprehenderit voluptatibus.',848,'lostxml',3),(7,'et','audio',' ForFun','1998-03-23','Cory O\'Hara',1226,'Nam est autem animi eum ut et voluptatem. Beatae ut accusamus neque nobis architecto eaque. Saepe illo culpa a qui in non porro aperiam. Aliquam nulla rerum eveniet voluptatem quod qui explicabo. Nam consequatur eos tenetur unde quae quas.',896,'ttl',1),(8,'odit','book',' JonnyTalker','1980-02-04','Emmie Carroll',695,'Suscipit nobis eius aut amet. Sed rem molestiae a soluta. Incidunt incidunt quo est. Reiciendis reprehenderit rerum autem voluptatem.',814,'scm',2),(9,'deserunt','audio',' Warm Sweater','1992-05-27','Grover Nader',957,'Facere aut id est autem. Ut omnis architecto consequatur distinctio perferendis. Odio quia perferendis delectus ab expedita. Ut quisquam consequatur voluptas voluptates voluptas ut sunt nobis.',962,'uvvh',3),(10,'maiores','book',' FlayClay','1976-03-14','Aniyah Morar',385,'Id sunt in maxime. Quibusdam nemo voluptas sint id ipsa sequi. Tempore accusamus voluptatem ad. Voluptatem inventore eum sit sint quisquam.',963,'sldx',1),(11,'cupiditate','audio',' RedRead','2013-01-20','Baby Ryan',930,'Numquam consequatur est nam itaque. Earum eum ut deserunt expedita repellat dolorum. Iste vel fugiat aut pariatur soluta non. Qui sit et iure eum quia voluptas est.',385,'svc',2),(12,'omnis','audio',' GoGoBy','2015-10-23','Miss Therese Willms',165,'Ratione a dolore sit cupiditate quia asperiores repellat. Amet voluptates magnam maiores eos rerum. Aut nihil nisi sunt sint. Consequatur placeat libero ducimus nostrum.',1006,'xhtml',3),(13,'nemo','book',' Smthg Blue','1997-03-11','Dr. Kolby Deckow DVM',712,'Et ad omnis aliquid ea qui earum. Nihil nihil molestiae veniam quia qui. Et mollitia aut numquam similique non quod.',896,'ecma',null),(14,'voluptatem','book',' Crazy Nuts','1989-05-15','Geovanny Carter',1226,'Repellat et necessitatibus id nemo ut totam. Dolorem ut sunt nobis sed. Eos sit illo sunt ab est veritatis. Iusto laudantium labore tempore quia laboriosam sint culpa.',998,'mcurl',2),(15,'id','book',' Fireplace','1986-10-25','River Treutel',1426,'Cupiditate voluptatum blanditiis dolorum doloribus. Quibusdam est qui distinctio et quae. Delectus non unde dolorem neque ad quasi.',273,'ppam',3),(16,'esse','book',' Fake Data','1983-01-20','Irwin Littel',821,'Impedit quo qui dolores sint. Commodi harum vero corrupti repudiandae praesentium. Qui explicabo incidunt perferendis. Quaerat est maxime est ducimus.',747,'asc',1),(17,'doloribus','book',' Fireplace','2006-04-04','Prof. Theo Hintz',1063,'Facilis nihil reprehenderit dolorum eos placeat. Hic sapiente error maiores velit qui. Minus distinctio provident provident autem exercitationem ipsum nesciunt. Totam aut quos deserunt unde quod nobis consectetur.',636,'gramps',2),(18,'quia','book',' Great Dad','1990-05-30','Rhoda Denesik',378,'Omnis exercitationem possimus voluptates ipsa. Nesciunt quia veritatis suscipit. Quos exercitationem eum dolorem autem sint explicabo ipsa. Sunt necessitatibus est voluptatum iure suscipit consectetur.',895,'kia',null),(19,'ipsum','audio','New Times','1971-06-27','Ova Streich IV',897,'Voluptatem qui sed excepturi. Natus reiciendis doloribus commodi impedit dolore consequatur quia. Provident ut asperiores nam sed eos. Rerum voluptates sed doloremque et et enim aut.',357,'otp',1),(20,'recusandae','audio',' ForFun','1973-06-12','Ben Nikolaus',1034,'Et assumenda asperiores vel maxime aliquam illum aliquam. Tempore corrupti sapiente voluptas laboriosam. Quo sunt nulla eos eum vitae placeat eveniet. Dicta dolor doloremque praesentium quam laborum quia et omnis. Tempore aliquam sint nostrum aliquam quaerat dolores nemo.',612,'obj',2),(21,'laudantium','book',' Only Losers','2016-01-18','Brenda Keeling V',570,'Tempora tenetur mollitia et ea aut totam. Sit qui quam et eos sint. Ex quisquam dolor fugit eius nam saepe autem qui. Rerum eos maxime cum quis magni quos.',725,'aifc',3),(22,'minima','book',' Only Losers','2011-02-16','Reed Schiller I',1142,'Nulla corrupti culpa voluptatem reiciendis eum modi praesentium. Culpa et dolores eligendi repellendus qui sed et. Ullam perspiciatis in minus qui saepe quibusdam quo omnis. Voluptatum ullam quis dolorem aut sed.',566,'mseq',1),(23,'rerum','audio',' Fake Data','2005-02-27','Scottie Dickinson',1123,'Quia quis illum quia enim est ut ullam. Quia id facere accusantium aut ipsum. Alias assumenda ullam debitis repellat eligendi excepturi soluta voluptas. Repudiandae est quia nobis placeat delectus rerum quisquam. Reprehenderit perferendis occaecati non nobis totam laborum rerum architecto.',946,'wmlc',2),(24,'consectetur','audio',' Greed','1996-11-01','Shaina Howe',892,'Sit aperiam dolore et perspiciatis numquam aut. Dolor blanditiis aut corrupti aut vero eum laudantium. Iste sequi aut et sed explicabo. Aut voluptas sequi et adipisci maxime.',898,'spot',3),(25,'voluptatem','audio',' Fake Data','1974-12-21','Bridget Murphy',804,'Error est ex aliquam. Cum dolor rerum totam maiores. Hic quia veritatis excepturi quis. Accusantium quaerat sed repellat sequi officiis et. Consequatur aperiam voluptatum consequatur pariatur est occaecati.',949,'odf',1),(26,'sed','audio',' JonnyTalker','2017-05-06','Prof. Dayna Braun PhD',1432,'Autem ipsam ullam quibusdam blanditiis a quos. Et dicta nostrum nemo.',852,'lostxml',2),(27,'qui','audio',' JonnyTalker','1995-02-06','Marlee Cummings V',539,'Similique molestiae consectetur minima alias. Blanditiis ratione eligendi tempora consequatur eum beatae nemo. Mollitia perspiciatis ab cumque. Inventore sint non eum aut earum saepe voluptate.',460,'class',3),(28,'fuga','audio',' Greed','2019-05-21','Vincent Kunze',800,'Facilis ea iste a accusamus natus et. Architecto cupiditate ducimus amet. Sit temporibus ut pariatur sint est.',580,'hdf',null),(29,'soluta','book',' Smthg Blue','2019-07-23','Prof. Alexie Collins V',1476,'Et sunt repellendus autem facilis ut fugiat non tempora. Inventore iusto fugiat ducimus iure odit fugiat ut voluptatem. Enim voluptatibus provident laboriosam autem non quis laboriosam. Similique sit voluptatem quasi itaque.',668,'sxi',2),(30,'qui','book',' RedRead','2014-06-22','Prof. Woodrow Bernhard V',421,'Unde voluptas doloremque nihil. Odio totam recusandae ea. Exercitationem accusantium tempora voluptas. Vel doloribus rerum omnis nam.',698,'cgm',3),(31,'ex','book',' Fireplace','1979-05-26','Osbaldo O\'Reilly',257,'Blanditiis qui perferendis qui eveniet molestiae et voluptatem. Quo quo vel sunt distinctio fugiat impedit atque. Vero voluptatem est illum corporis tempora ut. Impedit odio quis suscipit sed quas quibusdam.',340,'vtu',1),(32,'voluptate','audio',' Fireplace','2012-06-30','Prof. Susie Howell DDS',1117,'Earum voluptate ea ex ad non dolore. Est et et iusto esse debitis. Laboriosam qui laudantium consectetur earum. Iure dolor sint doloremque distinctio voluptates vel et.',968,'uvt',2),(33,'adipisci','book',' Fireplace','1981-08-15','Rod Hackett',1379,'Repudiandae non debitis incidunt voluptas dignissimos quaerat. Et a ut sit adipisci aut. Vel autem nulla voluptatem ipsam.',351,'wdp',3),(34,'voluptate','audio',' Fake Data','2021-05-16','Cloyd Spinka',507,'Ipsam amet eum sunt ratione inventore. Quia provident ex officia qui qui. Voluptatibus nesciunt vitae aut corporis explicabo sed.',930,'ots',1),(35,'quia','audio','New Times','1973-02-14','Lea Sauer',1211,'Voluptas asperiores aut magni cum aperiam. Ea assumenda iusto ea assumenda consectetur unde et. Ex unde architecto eum et aspernatur. Quis possimus vel voluptates delectus suscipit natus et optio.',995,'pls',2),(36,'perspiciatis','book',' Smthg Blue','1993-07-22','Clotilde Jones III',314,'Provident nostrum iusto autem ullam eum et asperiores. Modi rem aut doloremque iste quod eum. Delectus dolor est natus enim quasi voluptas voluptatem.',413,'scm',3),(37,'voluptatem','audio',' Sunshine','1985-08-04','Sonia Turcotte',369,'Velit cumque doloremque eum eligendi officiis qui nihil. Id ipsa eos ut esse quo. Sed voluptatem sit nobis id incidunt incidunt.',462,'docm',1),(38,'magni','book',' JonnyTalker','2019-05-19','Domenico Hermann',1193,'Officia nostrum ipsam alias consectetur dolorum et quia. Unde ea et nulla consequuntur neque.',339,'jpgv',2),(39,'omnis','book',' White Flag','2017-02-17','Miss Maryjane Rippin V',1315,'Temporibus dolor qui deleniti necessitatibus. Voluptates exercitationem quaerat minus quis magni et veniam. Ad provident ea debitis placeat ab. Itaque possimus voluptatem facilis. Reiciendis reiciendis id asperiores iste consectetur ut.',705,'epub',3),(40,'vel','audio',' ForFun','1998-04-28','Porter Kautzer',1455,'Et unde placeat officiis omnis veritatis voluptas. Fugit doloribus omnis nam recusandae deleniti. Repudiandae qui quam sunt esse neque mollitia.',1018,'mp4s',1),(41,'illo','book',' Fireplace','2010-06-28','Derek Stanton PhD',1151,'Incidunt temporibus aperiam molestias repudiandae. Veniam assumenda veniam sit eum. Ratione voluptate adipisci magni architecto est rerum similique. At quo officiis dolorem.',914,'xlsm',2),(42,'deleniti','audio',' JonnyTalker','1978-06-09','Jeffry Lebsack',280,'Et et beatae quia architecto unde sed. Facilis autem in velit. Dicta repudiandae quaerat nobis suscipit sed commodi voluptatum.',455,'mag',3),(43,'tempora','audio',' Fake Data','2008-03-02','Pablo O\'Keefe',1367,'Dolorem fugiat optio impedit eius delectus doloremque. Provident molestiae placeat veniam asperiores eum quam itaque. Non architecto aut quis aut velit ipsam. Aliquam molestiae minus quam et iste.',856,'mesh',1),(44,'aut','audio',' Great Dad','1993-02-21','Camila Runolfsson',334,'Quia quidem sapiente rerum saepe dolor. Dignissimos itaque repudiandae et. Laborum nam voluptatibus dolorem voluptatem facere corporis. Amet assumenda eius similique.',624,'xltm',2),(45,'ut','audio','New Times','1980-05-26','Valerie Hessel',1404,'Est est laborum doloremque accusamus autem ut soluta. Illo expedita ducimus sit cum aut saepe quo distinctio. Voluptatibus sit totam cupiditate enim vero.',804,'der',3),(46,'ipsum','book',' Great Dad','1996-08-31','Reynold Gulgowski',517,'Debitis ex beatae vitae reiciendis. Laudantium soluta nostrum voluptatibus fugiat.',348,'wm',1),(47,'nulla','book',' RedRead','2019-11-13','Allison McClure',769,'Nemo nesciunt odio minus omnis atque. Qui minima quo nihil tempora sed aliquid molestiae. Voluptate quas repudiandae qui et est.',500,'semf',2),(48,'atque','audio',' Greed','1978-02-21','Horacio Cassin',1298,'Et perferendis et enim quod harum accusamus. Asperiores minus voluptas cum quisquam. Vel inventore iure maxime. Quae totam accusantium accusantium voluptas saepe et cum blanditiis.',256,'twd',3),(49,'maxime','audio',' Fake Data','1981-11-05','Patrick Little',393,'Eum numquam ea reprehenderit reprehenderit consequatur rerum voluptas. Nisi nesciunt qui vitae cupiditate et. Reprehenderit omnis aliquid sit ipsam mollitia in sit eius. Blanditiis reprehenderit commodi ut dolorem cupiditate eius.',676,'rdf',1),(50,'quam','audio',' Smthg Blue','1978-07-27','Mr. Price Cormier Jr.',1146,'Animi id deserunt perferendis corporis et. Adipisci sapiente ut in officia est reprehenderit iure. Qui libero omnis facilis dolores qui.',992,'afm',2),(51,'voluptas','audio',' Sunshine','1984-12-11','Carter Terry',745,'Nulla numquam officia rerum cumque sunt. Quis eum tempore ut laboriosam facilis qui rerum. Neque consectetur delectus ducimus. Natus sed odit facere consectetur. Libero ipsam nesciunt facere consectetur facere non.',348,'png',3),(52,'deleniti','book',' JonnyTalker','1983-04-22','Pearl Sauer',784,'In earum repellendus repellat voluptatibus dolorem. Consectetur quia excepturi repudiandae sequi. Quia ducimus quod dolorem facere.',404,'opml',1),(53,'accusamus','audio',' Smthg Blue','2004-12-10','Francesco Hansen',1183,'Deserunt rerum animi sint dolores occaecati exercitationem. Nihil omnis nam iste non. Sint sit praesentium et soluta nesciunt aut eum. Reiciendis illo quae officia ut eius. Assumenda et dolor cupiditate deserunt consequatur et est et.',931,'xo',2),(54,'quia','book',' Fireplace','1986-01-22','Ms. Maiya Herzog',724,'Magnam inventore qui sit. Et est possimus doloremque delectus et facilis excepturi. Numquam tempora nihil eum nisi est et facilis non. Accusamus voluptatem aut qui quisquam.',680,'xul',3),(55,'assumenda','audio',' Fireplace','1985-02-26','Ellie Funk',1055,'Minima est ea sed voluptatem aut officiis aut. Rem a ut sapiente occaecati. Impedit iusto est veritatis maxime.',518,'mpp',1),(56,'eius','audio',' Crazy Nuts','1978-05-28','Maud Greenfelder',386,'Qui eum earum expedita quae. Nihil rem quis sit deserunt rerum natus aperiam. Voluptatem quos quia doloribus aut velit non sint.',407,'tiff',2),(57,'molestias','audio',' Greed','1972-07-26','Mrs. Delores Kuhic DVM',907,'Ut suscipit est vel mollitia ducimus. Nihil ut consectetur id libero magni placeat earum.',917,'gif',3),(58,'pariatur','audio',' JonnyTalker','1976-11-10','Prof. Melvina Abshire DVM',1114,'Expedita id illum repudiandae minus minima aut. Nesciunt consequatur quia itaque et quidem ex. Velit amet ducimus id voluptate. Ab placeat et totam consequuntur qui.',437,'sxg',1),(59,'labore','audio',' Fake Data','2013-09-29','Shea Kessler',836,'Vel architecto eveniet quia repellendus vitae architecto. Et facilis error velit vel. Eos eum ea cum aut molestiae et. Fugiat consequatur dolorem qui beatae possimus.',525,'xpl',2),(60,'reprehenderit','book',' Fireplace','1972-09-08','Monserrat Rau Sr.',356,'Fugiat accusamus at dolorum numquam. Blanditiis accusamus totam aut magni tempora consequatur sint cumque. Molestiae nisi qui est. Enim corporis omnis explicabo consectetur ducimus consectetur quia.',386,'pnm',3),(61,'dolorem','book','New Times','1995-12-09','Dr. Jazmyn Boehm DDS',678,'Occaecati qui dolores fugiat voluptas culpa iure. Necessitatibus dolores maiores aut voluptatem provident aliquid in. Et similique quia quod veniam id inventore. Et harum vel a consectetur eos.',266,'fdf',1),(62,'occaecati','book',' GoGoBy','1972-06-25','Ms. Meta Glover IV',1420,'Culpa vel qui ad magni sint sed porro. Et et excepturi ab sed. Saepe ut id voluptatem dignissimos. Sapiente non labore doloremque est ducimus expedita.',773,'uoml',2),(63,'voluptatem','book',' GoGoBy','2006-11-18','Mr. Jimmie Wolf Sr.',658,'Id et magni autem quidem. Numquam voluptates voluptatem ea deserunt aut officiis. In eligendi voluptate neque labore alias molestiae. Aut reiciendis dolores in facilis.',916,'torrent',3),(64,'est','book',' Fake Data','1988-05-04','Bertha Kovacek',994,'Aliquam et rerum consequatur et ea. Laudantium eveniet voluptatem a enim modi sint officiis possimus. Alias quas voluptas a rerum necessitatibus.',980,'uu',1),(65,'assumenda','audio',' RedRead','1985-07-17','Orrin Crist',1218,'Sequi nulla quia incidunt voluptates qui aut est. Laboriosam velit dolores maiores quae ipsam quis ipsam. Non aperiam ut rerum.',1009,'ief',2),(66,'est','book',' RedRead','1988-11-06','Tommie Stehr',1138,'Autem mollitia deleniti enim voluptatem ut. Ea iure beatae officiis similique in rerum non. Et labore vero laudantium qui recusandae. Inventore voluptas error recusandae delectus non soluta. Tempore animi minima ut amet tempore eum debitis.',737,'snd',3),(67,'aut','audio',' Crazy Nuts','2012-06-26','Kaylah Barrows',1217,'Occaecati non nam excepturi. Architecto aspernatur quam dolores ipsam dolor expedita. Laudantium qui ullam magnam adipisci. Laboriosam sequi mollitia aliquid.',901,'png',1),(68,'quam','audio',' GoGoBy','2000-12-13','Shawna Adams DVM',356,'Autem debitis ducimus vel hic sunt. Optio eligendi officiis itaque earum est dolorem. Nobis voluptas quisquam aut magni dolores.',617,'asx',2),(69,'tenetur','audio',' Great Dad','1980-11-01','Ericka Lowe',1385,'Eum beatae vel ut sunt expedita vitae molestiae. Esse nostrum nihil quidem maxime ab dolores. In nihil minima libero minima hic quos aut.',635,'tga',3),(70,'et','book',' Crazy Nuts','2008-11-05','Arlo Dickens',978,'Nesciunt animi occaecati nesciunt tempora optio unde. In ut quaerat voluptatem eveniet numquam. Sint sint deleniti quidem. Accusantium voluptatem sint cum temporibus. Est recusandae et quas est quos esse.',668,'wspolicy',1),(71,'veniam','book',' Great Dad','1971-05-22','Prof. Jayden Champlin',717,'Nobis minima eligendi illum. Nesciunt ut iure sed eos asperiores voluptatem. Modi quis rerum ut natus. Amet inventore excepturi nam reiciendis.',983,'ifb',2),(72,'ad','audio','New Times','1985-01-31','Lula Bergnaum',952,'Necessitatibus sed voluptatem accusantium sequi aut expedita odit minus. Qui distinctio tenetur qui saepe autem ut voluptatem. Sequi aut illum iusto ducimus commodi rem dolor vel. Reiciendis blanditiis corporis et similique quae quasi voluptate. Quasi sequi quo veritatis autem ut consectetur est.',983,'wmv',3),(73,'eligendi','book',' Fake Data','2018-11-25','Guillermo Klocko DDS',993,'Repudiandae suscipit dolore cupiditate. Fugiat eos qui nihil necessitatibus et. Sapiente sint pariatur accusamus optio.',818,'odft',1),(74,'quibusdam','book',' JonnyTalker','2019-11-20','Mervin Schiller',890,'Sit iste officia est odit aut dolorum distinctio. Sequi eius assumenda est est. Deleniti occaecati nisi est animi pariatur.',562,'mseq',2),(75,'quisquam','book',' Only Losers','2010-07-27','Dr. Filomena Reilly',545,'Nihil possimus aut esse cumque rem sit deserunt. Atque dolorum alias ea cum. Natus quod dignissimos doloribus neque itaque.',869,'uvvh',3),(76,'similique','book',' FlayClay','1972-09-05','Rubie Donnelly V',541,'Voluptas pariatur distinctio id ipsa sunt fuga. Soluta et molestiae velit. Quaerat nam maxime alias sed nam doloribus.',301,'yang',1),(77,'quam','book',' White Flag','1976-09-19','Eula Bode IV',167,'Quia ut sed velit impedit numquam asperiores omnis et. Error quibusdam ab dignissimos. Est provident in sit. Consequatur numquam non est consequatur corrupti est officia. Molestias deleniti ad vel illo quibusdam et.',624,'xdp',2),(78,'natus','audio',' RedRead','1977-09-16','Ms. Litzy Kuphal IV',1264,'Nesciunt expedita voluptatem ea deserunt ut id nihil facilis. Et adipisci et delectus. Asperiores illo aut modi suscipit.',306,'ptid',3),(79,'amet','book',' Warm Sweater','1970-04-23','Dr. Dylan Franecki',1410,'Sed sit velit facilis eum accusamus quia eligendi laudantium. Voluptas rerum minus ut dolores error sed. Temporibus consequatur adipisci quos iste quam.',635,'json',1),(80,'assumenda','audio',' GoGoBy','2008-02-08','Lauryn Mann',666,'Aut reiciendis aliquam suscipit eaque tempore voluptas consectetur odio. Maxime sint quasi sunt animi facilis. Omnis itaque aut numquam quo.',922,'chm',2),(81,'quis','book',' ForFun','1991-12-30','Kyler Witting',746,'Esse in sunt est. Culpa voluptates voluptatem facilis ipsum tempora molestias tenetur. Numquam qui ut sed debitis numquam.',611,'qt',3),(82,'magnam','audio',' ForFun','1978-11-12','Daphne Upton',698,'Dolor tenetur ratione ex eos esse. Qui quas aut sint eum. Animi quod earum qui sapiente amet ea doloribus.',737,'sti',1),(83,'consequuntur','book',' JonnyTalker','1972-01-03','Dr. Jordi Wunsch',1480,'Ut sed ea hic beatae id molestiae quo. Non corporis eos natus facilis alias fugit. Ea dolor fuga porro ut hic id eius.',954,'weba',2),(84,'aut','book',' Sunshine','2014-10-26','Mr. Derek Krajcik IV',590,'Aut voluptatem excepturi quam vero ut veniam a laborum. Tenetur eius ut in quaerat id velit impedit. Numquam esse enim illum dolor excepturi autem. Doloribus sapiente tempora id fugit sed quia.',596,'ief',3),(85,'eligendi','book',' RedRead','1973-05-06','Mrs. Caterina Cummings Jr.',1154,'Magni enim corrupti nulla. Repudiandae veritatis eos earum enim quaerat. Delectus enim aspernatur fugiat optio. Accusamus neque ducimus consequatur cupiditate aliquid.',702,'jsonml',1),(86,'est','book',' Warm Sweater','1977-11-05','Mauricio Sporer',854,'Quo dolorum quibusdam explicabo sunt. Itaque aut adipisci alias quis eum non dolorem. Ut libero pariatur nostrum est quis eaque ipsam.',875,'dsc',2),(87,'ut','audio',' Only Losers','2019-12-02','Prof. Jackie Schimmel PhD',1072,'Ut in nostrum atque omnis. Provident laboriosam nostrum saepe optio quam. Maxime ipsum facere tenetur repudiandae ex inventore nemo ullam.',532,'fvt',3),(88,'sunt','book',' JonnyTalker','2010-01-23','Prof. Corrine Botsford MD',1081,'Accusamus doloribus animi expedita magnam perspiciatis aspernatur. Recusandae voluptas explicabo aut ducimus sed. Praesentium ea ex totam in natus qui officiis.',498,'obd',1),(89,'qui','book',' Great Dad','1994-02-23','Mariela Torphy',1144,'Hic iusto eum quia ab. Nobis id quisquam qui aut quia voluptas. Enim ut esse distinctio doloribus non.',667,'xm',2),(90,'aliquid','book',' Smthg Blue','2005-09-04','Dakota Tremblay',394,'Laudantium ut est et distinctio et possimus. Iure sunt rerum maxime autem illo sapiente. Eveniet aut sit ut et et asperiores dolor qui.',838,'src',3),(91,'veritatis','book',' Great Dad','1996-01-28','Prof. Gage Schultz DVM',854,'Ea corporis rerum placeat facilis aut nemo quia. Minima sint asperiores voluptas ut voluptatibus id impedit. Voluptatum deserunt vitae harum et iure quis beatae. Assumenda culpa quibusdam dolores quod rerum.',703,'lbe',1),(92,'quia','audio',' FlayClay','2007-05-03','Dr. Edgar Gaylord II',1045,'Tenetur consectetur qui distinctio aliquam. Occaecati ex vel dolore at. Cupiditate nulla earum iste. Nam quia laudantium est beatae architecto voluptas totam.',867,'hal',2),(93,'eum','audio',' GoGoBy','1976-10-28','Lucinda Pagac DVM',274,'Excepturi est quidem vitae. Dolor amet autem ipsum voluptas modi repudiandae. Consequatur qui iste et qui voluptatem ea iste qui. Voluptatem nam aut officiis corrupti provident cum tenetur. Sit aut quibusdam tenetur.',336,'pkipath',3),(94,'doloremque','audio',' White Flag','2003-12-19','Prof. Zackery Dach',885,'Est repellendus voluptas in rerum. Velit voluptatum iste consectetur ea. Omnis culpa tempore quo cumque maxime corporis.',460,'ksp',1),(95,'consequatur','audio',' JonnyTalker','2016-12-21','Alysha Kerluke',913,'Et dolores dolore explicabo illum consequatur. Sit eaque nemo fugiat debitis ea occaecati. Inventore architecto aliquid dolores omnis voluptas quo consequatur.',340,'pls',2),(96,'qui','book',' Fake Data','1986-12-06','Adriana Douglas',415,'Quia eum a reprehenderit molestiae est nostrum at earum. Voluptatem vel vel est earum. Quia molestiae natus autem pariatur sit quo totam.',825,'mag',3),(97,'quos','audio','New Times','1995-05-29','Jaida Johns',615,'Consequatur consequatur aut reiciendis iste sint omnis et. Laudantium distinctio perspiciatis eum ab omnis molestiae. Aut quis facere ut quidem est sequi modi iusto. Odit non cupiditate sint laboriosam earum odio molestiae.',560,'arc',1),(98,'porro','book',' Crazy Nuts','2004-04-21','Felipe Hahn I',758,'Quo ut voluptas voluptate iste. Explicabo neque possimus officiis. Qui atque odio inventore necessitatibus ea. Consequatur minus assumenda amet aut non.',519,'roff',2),(99,'vel','audio',' Greed','1999-10-15','Lawrence Ziemann',1046,'Eius sed maiores illum saepe dolor ducimus corporis debitis. Ab aut ut excepturi laborum fugiat quibusdam. Architecto est laborum dolor nostrum. Pariatur animi blanditiis animi quis ea.',813,'sxi',3),(100,'pariatur','book',' Fireplace','1983-12-31','Russ Toy MD',1144,'Omnis cum qui ullam labore. Veritatis mollitia suscipit quas atque eveniet est quia tempore.',551,'icc',1),(101,'amet','audio',' Sunshine','1978-12-13','Abe Durgan',518,'Expedita quo quis commodi amet. Ut molestiae ut autem aut. Autem ex debitis aperiam quas consequatur.',990,'knp',2),(102,'voluptatem','audio',' Warm Sweater','1971-07-28','Lue Gerlach',1331,'Fugiat accusantium sit quam aperiam. Reiciendis nostrum laboriosam assumenda sint quis commodi. Molestiae blanditiis doloremque quibusdam iste sed.',620,'chm',3),(103,'id','book',' ForFun','1980-03-05','Ms. Maryse Rau',867,'Autem repellendus aut consequatur eaque sed voluptate. Consectetur expedita voluptas culpa mollitia quasi qui. Quia perferendis vitae explicabo sunt. Enim explicabo qui occaecati magni modi odit.',579,'lasxml',1),(104,'inventore','book',' GoGoBy','2009-08-30','Emmy Hagenes',1055,'Porro officiis reiciendis id qui eveniet mollitia. Rem quisquam totam aut non eaque.',894,'stf',2),(105,'temporibus','book',' RedRead','1980-10-16','Muhammad Spencer',664,'Est vel omnis non cumque et ipsa eligendi. Maiores incidunt enim quibusdam quod est. Commodi corporis quam laboriosam eius.',470,'odb',3),(106,'voluptatem','audio',' Sunshine','2010-05-04','Joan Friesen V',1444,'Voluptas et provident minus accusamus ex sed. Esse optio laborum voluptatem doloribus dolorum odio delectus. Eveniet at qui natus esse omnis odit.',375,'cpio',1),(107,'quia','book',' JonnyTalker','1987-07-09','Ida Swift',633,'Eaque voluptatum sapiente et quod non doloremque in. Occaecati praesentium sunt iusto sint. Molestias qui est dolore esse est.',955,'gtar',2),(108,'et','audio',' JonnyTalker','2021-01-16','Zena Powlowski',983,'Voluptas magnam rerum corrupti distinctio ut eum voluptatum. Unde cumque qui dicta sit. Et expedita aut fuga neque qui veniam vel.',449,'ufd',3),(109,'dignissimos','book',' Only Losers','1981-05-29','Nelson McCullough',180,'Et occaecati consectetur autem deserunt. Blanditiis eos et ducimus provident iusto. Omnis sint reprehenderit nemo suscipit. Eum impedit impedit eaque error et excepturi facere.',433,'jad',1),(110,'deserunt','audio',' Greed','2006-03-16','Devonte Cruickshank',276,'Est ut ut magni qui voluptatum pariatur iusto. Quidem minima occaecati placeat aperiam. Eligendi culpa qui perferendis quia. Eum eveniet sit ipsa voluptas.',623,'xpl',2),(111,'voluptate','audio',' GoGoBy','2015-01-28','Ms. Jeanie Hintz I',846,'Sit eligendi ullam quae magnam. Est id quaerat repellat quo. Incidunt veritatis quia officiis dolorem aperiam.',294,'xlam',3),(112,'repellendus','book',' Great Dad','1987-06-30','Jess Cronin',977,'Sit impedit commodi voluptates molestiae. Non adipisci velit modi et. Praesentium deserunt perspiciatis laboriosam quo doloremque. Qui aliquid sed quos qui et voluptatem.',496,'zip',1),(113,'aut','book',' White Flag','1982-04-22','Miss Lolita Stehr III',688,'Et debitis est at recusandae numquam. Enim labore qui et laboriosam aperiam. Quis eius et dolor nemo ea voluptatem alias. Adipisci voluptas at magnam facilis in et.',513,'swf',2),(114,'voluptas','audio',' Smthg Blue','2006-05-14','Rachel Von',368,'Incidunt a modi fugiat commodi voluptatem deleniti repellendus. Rerum molestiae voluptatum et sed minima quia amet. Enim doloremque nesciunt doloremque amet voluptatem a eligendi.',995,'htm',3),(115,'vel','book',' FlayClay','2021-10-18','Rosanna Lakin',1123,'Expedita qui non quo tempore. At occaecati molestiae quis. Quisquam recusandae qui nostrum perspiciatis maxime.',917,'rdf',1),(116,'temporibus','book',' Warm Sweater','1990-06-11','Jessica Wolf',1425,'Autem ea voluptate inventore in commodi facere maiores. Cum qui vitae qui maiores ut. Necessitatibus sequi consequatur rem consectetur.',1022,'gnumeric',2),(117,'voluptatibus','audio',' White Flag','2005-06-04','Adele Keebler',1236,'Illum quo dicta sequi architecto quae deserunt. Et nihil voluptate recusandae et omnis at accusamus. Nihil non qui quod fuga ut vel. Dolores dolorem corporis molestiae possimus numquam sed. Omnis fugiat asperiores dolorum.',491,'odg',3),(118,'laborum','book',' Warm Sweater','2001-02-12','Mrs. Elyssa Kiehn',958,'Optio et aperiam ut voluptatem assumenda qui. Eos quos vel ut voluptas perferendis. Dolorem minus autem quo.',740,'sema',1),(119,'aperiam','book','New Times','2007-06-23','Kianna McKenzie V',1011,'Iste ratione voluptas id exercitationem dolorum quia voluptatibus. Dolore voluptates eum vel ut aut. Sunt eius officia dolore voluptatem quaerat.',530,'dfac',2),(120,'et','audio',' Sunshine','1990-10-24','Mr. Douglas Wilkinson',1467,'Quia nobis quos sit odit. Rerum voluptatem ullam et perferendis consectetur quam non.',676,'sxi',3),(121,'asperiores','book',' Fake Data','2008-01-15','Demetrius Schmidt',715,'Dicta mollitia earum sit modi. Iste quia est sapiente adipisci sed.',793,'xslt',1),(122,'ut','audio',' Greed','1988-08-03','Sigurd Emard',1122,'Incidunt perspiciatis quis placeat unde ab. Nulla repellat in sed minus ut qui accusamus beatae. Nesciunt expedita eum non et.',514,'mp4a',2),(123,'fugiat','audio',' Smthg Blue','2010-12-28','Violet Kessler',820,'Aut aut repudiandae deleniti aut. Ea sunt quasi voluptas nisi maxime quibusdam nulla. Et reiciendis unde adipisci unde sed ducimus.',353,'asx',3),(124,'aut','book',' Fake Data','1976-08-24','Dwight Jerde',353,'Aut omnis velit libero nulla ab blanditiis. Quo et id dolorum in placeat ut doloremque. Cupiditate sint eius quod velit.',499,'ott',1),(125,'blanditiis','audio',' Crazy Nuts','1984-11-13','Ciara Parker MD',984,'Voluptates eius libero ut est delectus laboriosam nulla. Voluptate earum quam suscipit. Repellendus omnis commodi cupiditate esse. Consequatur sed commodi voluptatem aut quae aspernatur repudiandae iure. Et nulla possimus nobis id doloribus.',685,'iges',2),(126,'qui','audio',' Greed','1989-09-07','Arlene Ullrich',1016,'Vel dicta ut qui modi. Omnis quia porro soluta dolorum nemo est totam. Et qui aut repellendus ut id ea rem. Ut sunt commodi natus temporibus voluptatum rerum alias quia. Aliquam libero amet placeat rerum provident fugiat tempore.',936,'zip',3),(127,'nihil','book',' GoGoBy','2014-05-27','Mr. Walker Stanton DVM',494,'Recusandae velit tenetur in quas sequi aut labore. Repellendus ex expedita cupiditate molestiae.',813,'vcd',1),(128,'veritatis','book',' Fake Data','2014-04-11','Gardner Fadel',1234,'Voluptas dolorem corrupti exercitationem suscipit qui. Repudiandae iste molestiae modi aut ad beatae id architecto. Architecto sint sit qui non. Ipsa sunt voluptatum dolorum fuga est praesentium inventore. Ipsa repellendus fugiat laudantium aliquam incidunt consequuntur.',288,'afm',2),(129,'unde','audio',' Crazy Nuts','2000-08-08','Mossie Feil MD',1484,'Inventore perferendis omnis ut quia. Dignissimos ducimus sint quibusdam sunt. Iste est odit et magni voluptas suscipit deleniti dolor.',259,'npx',3),(130,'perspiciatis','book',' Only Losers','1973-10-13','Rylee Crooks',666,'Porro voluptate reprehenderit quia ea necessitatibus repudiandae. Vero deleniti non esse. Quaerat architecto culpa amet beatae neque vero sapiente exercitationem. Necessitatibus doloribus distinctio est ut sint error.',887,'cfs',1),(131,'tenetur','book',' Warm Sweater','2014-05-27','Prof. Claudia Williamson DDS',1440,'Earum voluptas et dicta mollitia. Doloremque voluptatum aut aut corrupti. Laudantium ut qui consequatur illo consequatur.',367,'nml',2),(132,'ipsam','audio',' Warm Sweater','1975-10-07','Dr. Ray Dicki',370,'Laudantium non quam ea voluptatibus enim quo. Expedita quod inventore nobis expedita. Fugiat quia natus quo in est rem voluptatem. Voluptatum aut voluptas natus ad.',597,'lnk',3),(133,'consequuntur','book',' Crazy Nuts','1996-07-22','Martin Schamberger',1278,'Dolorum corrupti omnis in eveniet. Culpa ducimus et voluptas nobis. Debitis ut minus accusamus qui sed error molestiae laudantium. Ea fugiat expedita quas rerum sint sed.',743,'wvx',1),(134,'asperiores','audio',' Greed','2017-05-05','Marques Schaden',332,'Autem aliquid velit excepturi earum. Molestiae corrupti occaecati nihil laboriosam. Eum dolorem tempore ut est.',534,'hal',2),(135,'expedita','audio',' FlayClay','1975-11-10','Lonnie Rempel',714,'Ratione nostrum doloremque cupiditate voluptas est. Consequuntur distinctio aspernatur et alias omnis ut. Porro nesciunt nihil et omnis.',948,'iges',3),(136,'ea','audio',' Crazy Nuts','1970-10-05','Ransom Boehm Sr.',803,'Illum officia pariatur natus et. Quis aut quis eos quam.',664,'dcurl',1),(137,'ut','book',' Great Dad','1995-08-02','Gregory Kuhic',621,'Et velit cumque unde asperiores dolorem quisquam. Quidem pariatur nulla ad id voluptate. Aperiam eos pariatur et culpa. Voluptatem praesentium et hic quibusdam tempora inventore.',399,'sldm',2),(138,'et','audio','New Times','1986-09-23','Tristian Runte',1167,'Est unde animi sequi exercitationem harum dolore. Aperiam culpa id recusandae officia culpa unde et ipsa. Sint deserunt aspernatur est ut magnam.',603,'vtu',3),(139,'et','audio',' Crazy Nuts','1979-08-19','Mr. D\'angelo Brown',776,'Minima et dolorum eius quis. Est vel non animi eligendi ut autem quae excepturi. Et et nihil aliquid sequi architecto.',609,'dd2',1),(140,'possimus','audio',' RedRead','1990-08-15','Domenica Witting',1415,'Enim nesciunt doloremque dolores minus reiciendis sed. Quaerat est ducimus rerum nihil fuga eaque. Deleniti hic non unde consequuntur qui veritatis et rerum. Ullam perferendis fugiat quos culpa.',420,'stl',2),(141,'inventore','book',' Warm Sweater','2020-02-04','Mrs. Raphaelle Klocko V',801,'Officia sequi sit illo hic laborum quia. Quod voluptas itaque laboriosam et velit quia quis ab. Occaecati est fugiat omnis veniam. Officia ut eos tempore quidem sit.',619,'xlf',3),(142,'adipisci','audio',' JonnyTalker','1991-10-21','Miss Christiana Carroll',1235,'Corporis non eius quia repudiandae vel nesciunt est. Numquam sit neque sit nesciunt nesciunt nostrum. Delectus iste perferendis sint dolor voluptatibus ducimus.',993,'ufdl',1),(143,'dolorem','book',' RedRead','1978-06-08','Jacey Glover',1299,'Quibusdam ex est ducimus non. Consequuntur consectetur et numquam corrupti. Totam error cumque et reiciendis ratione. Aliquam aut dolor quaerat laudantium.',1022,'odft',2),(144,'soluta','audio',' Warm Sweater','1973-12-31','Nat Stehr',208,'Expedita voluptates non et excepturi quibusdam ipsum cupiditate sed. Deleniti repellendus voluptates saepe molestiae. Sapiente praesentium sint omnis.',855,'mp4s',3),(145,'quo','audio',' Only Losers','2011-02-16','Dr. Ari Nikolaus',389,'Quae illum unde nam maiores. Enim ratione ut perspiciatis aliquid et. Eos assumenda tempore nam sed. Asperiores vel beatae quo ut accusamus sit.',955,'mpy',1),(146,'expedita','audio',' JonnyTalker','1988-09-23','Malcolm Funk',422,'Quibusdam architecto reiciendis quo id. Animi aut deserunt quaerat similique qui unde debitis laborum. Quos quas facilis repudiandae quos accusantium.',637,'nsc',2),(147,'quisquam','book',' Warm Sweater','2007-01-17','Mr. Kellen Stokes MD',1164,'Nobis eum quia possimus omnis enim voluptas ipsum nostrum. Molestiae qui ut voluptas mollitia. Voluptas perferendis non ut.',614,'rar',3),(148,'voluptas','book',' JonnyTalker','1976-07-23','Deron Smitham MD',473,'Voluptas distinctio consectetur numquam. Labore facilis ad magni aut qui. Mollitia incidunt eveniet et porro labore cumque dolore. Aut repudiandae consequatur quibusdam aut itaque fuga.',985,'mpy',1),(149,'hic','audio',' Crazy Nuts','1977-05-19','Norris Koepp Sr.',308,'Et corporis velit modi et placeat consequuntur quisquam non. Perspiciatis aut ex ea ratione fugit qui vel suscipit. Eveniet necessitatibus et accusantium exercitationem. Reprehenderit ut cumque laboriosam neque est quia.',696,'geo',2),(150,'pariatur','book',' Only Losers','2013-08-16','Shanny Reilly',396,'Et amet repellat ipsum deleniti. Error voluptas voluptatem pariatur nostrum officiis sit cupiditate. Reiciendis est nesciunt et.',854,'mxs',3),(151,'asperiores','book',' Crazy Nuts','2013-01-02','Miss Lillian Hegmann MD',1168,'Nihil sapiente et ab dolores laboriosam quaerat error. Temporibus minus expedita quaerat dolor id vel numquam modi. Consequatur architecto sunt sint dolores itaque.',503,'xwd',1),(152,'qui','book',' White Flag','2001-04-29','Prof. Blanche Rau III',918,'Consequuntur itaque est sequi tempora tenetur deleniti molestiae. Fugit quasi tenetur voluptas est est quisquam rerum. Earum similique dignissimos autem ratione expedita doloribus praesentium. Nihil qui vitae consequatur eos. Recusandae nesciunt ut quo voluptates veniam minima molestiae.',647,'wax',2),(153,'alias','audio',' Great Dad','1989-03-24','Rudolph Turcotte',881,'Qui perspiciatis magnam non aspernatur non a. Voluptas molestiae voluptatum commodi voluptatem vero. Magnam voluptatem quos et sed. Accusamus suscipit temporibus accusamus est non quia qui.',695,'wmls',3),(154,'id','book',' RedRead','1978-02-07','Emilia Reynolds',1183,'Est tempora ullam animi dolorem beatae quisquam quia. Quidem modi sit incidunt facere. Tempora dolorem voluptas fugit accusamus numquam architecto qui. Est eum voluptatem magnam officia distinctio officiis. Et et sunt aut rerum.',273,'dpg',1),(155,'eligendi','book',' Smthg Blue','1994-11-30','Torrance Okuneva',565,'Quisquam et asperiores dolore animi ipsam. In laborum esse iure sunt debitis et. Tempore animi eius odit est error mollitia et doloribus.',640,'xaml',2),(156,'soluta','audio',' RedRead','1976-09-26','Kirstin Jacobson',961,'Quod harum est ab velit odio est eos nesciunt. Commodi eum ex numquam quod. Tempora fugit qui ratione sint id dolores unde. Eius accusantium non inventore sapiente quos.',590,'rif',3),(157,'sit','audio',' GoGoBy','1979-01-10','Mr. Curt Tremblay Sr.',609,'Repellat dolore ut sit inventore id dolor sit. Magni et aut et impedit voluptatum ex accusamus deleniti. Dolorem dolore suscipit ut et laudantium reprehenderit expedita sunt.',828,'tfm',1),(158,'iure','audio',' Greed','1972-04-27','Edgar Nitzsche',1296,'Est qui perspiciatis cumque commodi est quidem. Labore possimus sit est. Qui iure est eligendi velit qui. Ad architecto maxime et aut odio optio accusantium.',338,'cryptonote',2),(159,'libero','book',' Sunshine','1979-10-08','Ewell Shields',1218,'Ullam dignissimos exercitationem ducimus nostrum perspiciatis est ratione doloribus. Omnis consectetur itaque non. Nesciunt enim blanditiis ullam. Facere voluptatem voluptatem et minus nihil doloribus animi maiores. Voluptas nobis dicta et quas qui ducimus.',655,'qxl',3),(160,'dicta','audio',' Only Losers','2006-06-23','Loraine Mayert',821,'Debitis illum repellendus ad aut ipsum ut. Exercitationem sunt reprehenderit ipsum. Voluptatem qui assumenda labore officiis eaque mollitia et. Quis quod ipsam eaque necessitatibus.',355,'air',1),(161,'molestiae','book',' White Flag','1990-03-15','Kris Keeling',768,'Aperiam et repudiandae iure saepe nihil aliquid est. Officiis perspiciatis ducimus ad reiciendis facere ut praesentium. Id sapiente id consequatur quia illo doloribus deserunt. Libero perferendis quam est officiis voluptatem.',745,'potm',2),(162,'in','audio',' RedRead','2002-06-22','Thelma Reynolds',535,'Quisquam autem sunt eligendi iusto sint saepe asperiores qui. Veniam et quaerat possimus impedit. Nam provident dolor autem ut possimus omnis et. Consequatur esse eaque non ullam quasi eligendi tenetur deserunt.',508,'ssf',3),(163,'temporibus','audio',' Great Dad','2015-09-29','Alfredo Abernathy',759,'Quo dolore et non saepe ad perspiciatis eaque. Rem quia soluta illum. Ut ratione veniam sunt ducimus et ab quae qui. Provident aliquam omnis placeat laborum velit asperiores.',389,'scm',1),(164,'perspiciatis','book',' GoGoBy','2004-01-30','Lenna Hirthe',911,'Necessitatibus nihil quia sint. Quaerat et neque ut consequatur vero. Saepe aut quia earum. Beatae cumque asperiores aut.',430,'n3',2),(165,'aperiam','audio','New Times','1996-08-07','Prof. Lacy Cummings Sr.',1176,'Quibusdam fugiat iusto doloribus. Qui ab odio perferendis atque voluptas nulla. Est repellendus ipsam est non temporibus dicta ullam velit.',311,'xhtml',3),(166,'consequatur','audio',' Fake Data','2002-08-08','Mr. Jeramie Bogan',1051,'Corporis omnis nulla rerum nemo cupiditate. Veniam eum et esse aut. Rem enim est illo cum corrupti.',757,'odt',1),(167,'tenetur','book',' JonnyTalker','1995-10-16','Ms. Name Bernier Sr.',387,'Maiores voluptatem soluta cum quaerat vel ratione rerum. Dolores dolores debitis hic ad quo dolore. Quis recusandae dignissimos iusto et delectus veritatis enim sed.',839,'obj',2),(168,'perferendis','audio',' FlayClay','2012-10-14','Laurel Fritsch',784,'Minus reprehenderit aut non voluptatem totam dicta et. Est non deleniti ut velit.',513,'kfo',3),(169,'nesciunt','book',' Fake Data','2014-03-04','Hanna Vandervort',1361,'Et rerum nostrum quo assumenda ipsum qui omnis et. Quo deleniti non molestiae dolores sint voluptatem iste quaerat. Eligendi voluptatem aliquam aut et. Deserunt sit dignissimos rem commodi adipisci voluptatum recusandae aut.',306,'distz',1),(170,'deleniti','book',' Fireplace','1981-07-08','Shana Fadel DDS',1353,'Atque ea dicta enim quia rem. Et sint totam ex harum natus cumque deleniti. Aut earum cupiditate non quia non harum. Autem et eius voluptatum provident.',422,'ifb',2),(171,'sed','audio',' Warm Sweater','2000-06-12','Janet Halvorson',347,'Totam praesentium repudiandae adipisci. Adipisci dignissimos ut cumque dignissimos. Aspernatur quia rerum quidem. Voluptatem et et iusto molestias dicta molestiae.',888,'dfac',3),(172,'magni','audio',' ForFun','1997-01-20','Rosina Turner MD',612,'Eveniet fuga doloremque sint earum. Ullam cum eum non cum hic. Eum vitae tenetur hic consequuntur.',753,'tpt',1),(173,'impedit','book',' JonnyTalker','1994-05-06','Bridgette Rice DVM',970,'Qui nemo et quia unde sed. Ipsa ullam adipisci inventore. Magni inventore inventore tempore aut error hic. Officia a dolorum iste mollitia quia nihil. Assumenda soluta impedit consequatur beatae non qui et praesentium.',398,'psd',2),(174,'in','audio',' JonnyTalker','2020-03-25','Cynthia Corkery',539,'Vel facilis laboriosam laborum aut. Magnam aliquid voluptas itaque eius.',932,'js',3),(175,'voluptates','book',' Crazy Nuts','1971-12-05','Alvah Halvorson',1415,'Cumque ab eligendi consequatur impedit inventore velit. Nihil sunt placeat quibusdam totam nam quia consequatur. Unde iusto corrupti itaque dolores quae. Totam omnis quia illum praesentium quo laboriosam vel.',738,'jpm',1),(176,'sint','audio',' Fake Data','2021-03-22','Carolina Bogan',284,'Et enim laborum nostrum sed quod nisi. Eveniet fuga doloribus molestias est praesentium.',490,'viv',2),(177,'qui','audio',' Only Losers','2013-04-16','Jimmie Hyatt',685,'Omnis repellat aut aperiam porro. Cupiditate culpa alias architecto ea aperiam ea ratione. Sed cum dignissimos commodi rerum suscipit molestias nihil in. Et voluptatem nisi dolorem amet dolores nisi.',395,'semf',3),(178,'aliquid','audio',' White Flag','1989-03-01','Edgar Hammes',782,'Fugiat enim quisquam in est. Dicta tempora qui ipsum fugiat. Quod ad temporibus occaecati autem. Dolorem molestiae dicta eos ut facere.',591,'flac',1),(179,'nemo','book',' White Flag','1987-11-04','Ms. Libby Murazik',1152,'Aut in est quia et est quasi. Aspernatur voluptatum harum ut repudiandae culpa corporis voluptatem. Vitae consectetur eos sed fugiat dolorem sit. Sed cupiditate provident quia atque aperiam repudiandae esse.',804,'pfb',2),(180,'possimus','audio',' White Flag','1972-06-10','Morton Conroy',460,'Sint dignissimos pariatur id enim expedita consectetur. Distinctio quia modi cum maiores. Quae maiores et consequatur exercitationem dolorum laborum quia.',626,'pyv',3),(181,'et','audio',' ForFun','2012-01-30','Reece Grady',1098,'Odit iste nemo quas. Rerum inventore omnis beatae. Aperiam mollitia aut dolorem cum eius. Dicta officiis et quibusdam magni.',767,'ez3',1),(182,'consequatur','audio',' Sunshine','1999-05-21','Ethan Wolff',662,'Qui quisquam ut tempore quo animi sed nam. Molestiae sint veritatis qui voluptatem earum. Libero debitis dolorem eos sit asperiores voluptatum. Dolores cum aperiam neque esse nulla.',995,'sfv',2),(183,'accusamus','audio',' Fireplace','1981-10-13','Micheal Keebler',1479,'Labore sit provident deleniti tempora ex. Atque facere repellendus repellat dolorem qui facilis voluptatem. Asperiores at consequatur aut omnis quos suscipit.',618,'xbm',3),(184,'velit','audio',' JonnyTalker','2013-06-25','Raymond Lind Sr.',1455,'Eius voluptatibus quas voluptatem quibusdam. Consequatur et ut enim voluptas sequi dolorem maiores voluptates. Sint repellat alias in ea voluptas quas. Placeat et provident omnis consequatur vitae et consectetur.',550,'ps',1),(185,'voluptatem','book',' Greed','1993-11-07','Damon Cummerata DVM',977,'Velit in eius et distinctio veritatis autem distinctio illum. Illo sint saepe qui perspiciatis tempore reiciendis sit. Suscipit et est accusamus voluptatem.',666,'sig',2),(186,'voluptas','audio',' JonnyTalker','2021-06-25','Emely Ryan V',920,'Dolorem qui iure id alias est. Ab excepturi recusandae doloribus eum eveniet. Aut et occaecati fuga veniam aut provident.',547,'potx',3),(187,'nemo','book',' FlayClay','2020-10-12','Prof. Royal Runte',555,'Velit debitis et nesciunt expedita. Sed ipsa mollitia aspernatur est qui quis.',689,'mid',1),(188,'sapiente','audio',' JonnyTalker','2000-12-19','Maryam Herzog',1429,'Ad quos deserunt enim nihil sit. Explicabo laboriosam harum quisquam excepturi eos ut. Sit impedit odio quis at molestiae atque et asperiores.',545,'xaml',2),(189,'expedita','book',' Fireplace','1970-10-16','Nathaniel Rodriguez DDS',1288,'Ut fugiat dignissimos ut animi in soluta est. Quis dolorem est ipsa ipsum qui non. Sit odio tempore ut sunt officia et voluptatem. Voluptatem at blanditiis dignissimos et quia necessitatibus dolores mollitia.',301,'mng',3),(190,'eos','book',' Great Dad','1988-01-13','Mrs. Virgie DuBuque',1474,'Autem inventore sint ratione. Qui asperiores quod autem impedit ut sed quos. Nisi tempore ut velit adipisci. Provident vel ea et sit labore aut.',926,'gam',1),(191,'praesentium','book',' JonnyTalker','2000-01-21','Rachelle Wintheiser',404,'Quam veniam qui et rerum. Quidem iste nobis quam iure autem quae quia dolorem. Suscipit et facere voluptatem et sunt vero optio. Et tempore suscipit explicabo ut corporis molestias. Vero ex quasi quo vel perspiciatis.',742,'n3',2),(192,'at','book',' Great Dad','1974-10-22','Richie Harber',961,'Consequatur amet velit omnis nihil nobis amet. Incidunt sit et mollitia omnis quos perspiciatis consequatur. Et excepturi sapiente esse non molestias.',941,'iso',3),(193,'repellendus','audio','New Times','1974-09-07','Ashlee Leuschke',616,'Magni quod modi sit vero nihil. Repellendus ipsum nobis quia omnis. Consequatur voluptatum aperiam beatae perspiciatis at. Animi ut reiciendis ducimus qui non aut. Impedit voluptas quidem totam velit commodi ratione.',981,'webm',1),(194,'soluta','audio',' Fake Data','2006-06-16','Elissa Moen',1404,'Accusantium officia et est asperiores quia cumque. Id dolor laboriosam at expedita omnis eum. Tenetur alias exercitationem reiciendis ut non eligendi aut. Ut suscipit officiis aut sunt repudiandae.',431,'mcurl',2),(195,'repellat','audio',' Warm Sweater','2021-07-13','Alize Ferry',314,'Vero qui et dolores eum deserunt cupiditate. Consequatur dolores necessitatibus dolorum explicabo provident est. Et consectetur a quia voluptatem.',675,'ulx',3),(196,'quia','audio',' Only Losers','1996-09-21','Chasity Osinski',1017,'Numquam quis distinctio facilis quis. Aut explicabo et maiores quam molestias. Saepe et saepe sed quod magnam inventore perferendis.',1000,'svc',1),(197,'rerum','audio',' FlayClay','1999-12-07','Fatima Emmerich',604,'Ducimus fugiat et quia officiis eum. Cumque aut vel non est commodi. Est molestiae odit est autem quos et deleniti. Repudiandae quis voluptates fugit enim inventore. In voluptas sequi facere accusantium iusto.',954,'sh',2),(198,'tempore','book',' GoGoBy','1973-05-09','Mr. Payton Hills',203,'Sapiente reiciendis pariatur non earum. Ipsum officiis labore voluptatem quod. Quod excepturi deserunt debitis est. Iusto voluptatem est ut neque ut.',396,'mime',3),(199,'velit','audio',' Sunshine','1990-04-03','Marques Leannon',209,'Voluptatem excepturi et aut nisi. Possimus illum et quas omnis rem repellat. Neque quo rerum perferendis dolore consequatur.',497,'spl',1),(200,'quis','book',' Sunshine','1982-05-12','Jorge Adams PhD',527,'Nulla animi aut doloribus ratione ullam dolorem. Qui consectetur aliquam et consequatur sunt commodi nostrum dolores. Laudantium est est dolore similique explicabo et vel.',363,'x3dv',2),(201,'minus','audio',' Fake Data','1999-08-28','Rosamond Wisoky',1266,'Quasi incidunt et fuga. Quisquam facere ex nesciunt quisquam alias perferendis quas. Dicta sit quasi esse dolorem eum ut. Aperiam labore velit possimus ea porro.',764,'xltx',3),(202,'error','book',' ForFun','2021-07-23','Vicky Renner',214,'Et est aliquid eos repudiandae. Nisi sequi consequatur consequatur reprehenderit illo rem iusto. Ab at voluptatem excepturi omnis deserunt. Qui quia ullam repellat ipsam fuga porro. Autem ullam maxime ut consequuntur magni culpa at.',1010,'jnlp',1),(203,'nemo','audio','New Times','2005-03-10','Ms. Hilda Ritchie',1400,'Voluptatem eveniet tenetur voluptatem corrupti ut necessitatibus. Error ipsam et delectus unde libero est. Consequatur nihil laudantium praesentium facilis sequi tempore. Esse delectus est voluptatibus dolor enim.',278,'stl',2),(204,'quia','book',' White Flag','2009-05-14','Kathleen Hintz',1477,'Incidunt illo molestiae libero velit accusantium ad voluptatem iste. Ut aspernatur ut omnis. Rem rerum omnis fugit sit omnis ut qui.',577,'mime',3),(205,'quam','audio',' FlayClay','2007-10-17','Leilani Price',723,'Eaque placeat recusandae iure deserunt. Velit consectetur magni sed. Tenetur labore iure incidunt tenetur laboriosam eos.',747,'mka',1),(206,'consequatur','book',' Sunshine','2000-07-14','Joannie D\'Amore',408,'Omnis fuga vitae est quo necessitatibus reprehenderit est. Nesciunt non cum est assumenda odio qui ullam. Qui quam ut mollitia et inventore aut. Et rem sint reprehenderit et voluptate quia eos. Id debitis dignissimos maiores earum et.',885,'yang',2),(207,'saepe','book',' GoGoBy','2012-04-28','Sherwood Boehm',1460,'Accusantium aut non illum fuga officiis. Voluptas laudantium fuga et enim dolorem. Atque est sunt est aut quia. Mollitia quia enim non deserunt rerum.',682,'fdf',3),(208,'quo','book',' Smthg Blue','2015-04-02','Wyman Spinka',959,'Amet non eveniet sed autem temporibus minus. Quas iure qui necessitatibus dignissimos. Quia id harum in. Consectetur voluptatem explicabo distinctio repellat. Sint qui explicabo quam.',473,'bed',1),(209,'dolore','audio','New Times','1980-07-10','Lelah Torp',1026,'Blanditiis eveniet veritatis quibusdam in. Dolorum delectus quae ut commodi sed voluptatibus qui. Ea aut similique assumenda.',697,'tao',2),(210,'ex','book',' RedRead','1987-05-20','Blake Prosacco Jr.',435,'Sapiente quia consectetur iusto ullam. Et debitis laboriosam pariatur deleniti et ut tempora. Ipsam maxime quia quibusdam sed dolorem laboriosam beatae. Quia dolor repudiandae aliquam esse est asperiores.',541,'fst',3),(211,'omnis','audio',' Fake Data','1993-10-09','Mr. Roosevelt Walker PhD',187,'Perferendis eaque aut deleniti et eum commodi rem. Asperiores neque eum eveniet ex voluptate. Reiciendis sed cumque exercitationem porro adipisci dolorem id velit. Dolorum illum maiores officiis sed laboriosam vitae eum.',257,'cod',1),(212,'qui','audio',' Sunshine','1970-04-16','Sarai Jacobson',887,'Adipisci sint amet necessitatibus voluptate quia consequatur ut laborum. Saepe autem qui enim aut est. Nulla nihil qui et non. Nihil modi illo repellat nemo ducimus numquam. Veritatis nostrum iste tempore rem dicta.',712,'otp',2),(213,'consequatur','audio',' Greed','1984-03-15','Christine Christiansen III',243,'Sequi error delectus et explicabo rerum. Sed corporis esse ea incidunt qui. Quis dolor enim rerum in. Eum eligendi suscipit vitae et vel quam consequatur.',288,'x3dv',3),(214,'corporis','book',' White Flag','2009-05-25','Mrs. Therese Huel',964,'Illo natus sit ut aut. Aliquid enim dolorem saepe.',487,'mlp',1),(215,'rerum','audio',' Only Losers','1997-07-22','Dr. Keeley Ankunding',362,'Fugiat cupiditate sapiente et sed velit iusto. Aut commodi porro est sed quidem. Deleniti sed odit iste accusamus.',540,'sm',2),(216,'molestiae','book',' Great Dad','1982-05-23','Dr. Mathew Purdy',209,'Unde necessitatibus ipsam quibusdam fugiat nulla autem incidunt. Eos veritatis voluptates dignissimos. Doloribus quaerat et est nihil voluptatem.',880,'css',3),(217,'totam','book',' Fake Data','1972-02-23','Moshe O\'Connell',1249,'Quia totam vitae reprehenderit aut consequatur exercitationem repellendus. Libero dicta hic inventore harum rerum exercitationem molestiae atque. Ipsum quas magni ea et itaque rerum. Non minima aperiam praesentium sapiente non. Et sit corporis autem quasi ratione aut.',981,'fe_launch',1),(218,'sint','audio',' FlayClay','2010-09-21','Ubaldo Hodkiewicz',269,'Animi fugit aperiam excepturi aut delectus magni placeat. Autem debitis tempora quod deserunt quia saepe. Fugit excepturi officiis voluptate doloremque itaque in corporis. Quaerat inventore eveniet aut numquam maiores tenetur numquam. Labore est sunt qui veritatis ratione.',521,'odi',2),(219,'consequatur','book',' Great Dad','2017-05-29','Miss Thalia Heathcote',689,'Exercitationem et nisi ab alias facere minus perspiciatis. Ut eligendi vel aut minima. Maxime eaque modi omnis nisi. Et et quo velit natus.',578,'docx',3),(220,'aspernatur','book',' ForFun','2014-02-08','Dr. Zaria Murazik',1469,'Voluptatem soluta consequuntur et quia. Molestiae magni nostrum aut et assumenda autem. Voluptatem ullam possimus quis architecto sed et deleniti. Porro ab non velit quasi facere.',409,'ftc',1),(221,'est','book',' Sunshine','1980-05-09','Catherine Heathcote',732,'Totam quam aut rem. Aspernatur quis inventore aut deserunt. Et ducimus numquam saepe dolorem in. Eaque laudantium corrupti laborum quod aspernatur omnis qui.',367,'mxl',2),(222,'numquam','audio',' Warm Sweater','2014-11-18','Prof. Donavon Skiles DVM',1431,'Ad voluptatem non voluptatem incidunt sit tenetur iusto. Enim ea quia quis eligendi facilis doloremque ad. Quae et aut quam molestiae facilis laudantium. Sed consequatur accusamus similique dolore consequatur.',813,'pnm',3),(223,'et','book',' White Flag','1974-02-08','Dr. Maritza Gorczany II',1430,'Quis officia nihil quaerat voluptatem quis qui iste. Qui perferendis quo dicta et. Deleniti fugiat repellendus ducimus molestiae.',376,'sse',1),(224,'voluptate','audio',' Crazy Nuts','2018-11-18','Aida Kulas',789,'Ab voluptatem et sint consequatur et possimus alias. Voluptatem aut sunt ut ut praesentium quas. Ea impedit sed harum nihil molestiae provident.',573,'xvm',2),(225,'nulla','book',' RedRead','1997-03-25','Mustafa Graham',1466,'Magnam repellat ut dolores occaecati. Quia et dolore dolores atque. Doloremque architecto aut et qui deleniti tempora. Perferendis enim quos quis consequatur dolores laboriosam magni.',847,'dgc',3),(226,'consequatur','audio',' ForFun','1994-10-19','Amalia Connelly',488,'Explicabo provident iure necessitatibus vel. Mollitia qui magni et in dolores et. Qui minima sed et.',947,'dpg',1),(227,'et','book',' JonnyTalker','1996-01-03','Dr. Kenyatta Gorczany II',1271,'At quisquam qui beatae voluptatem. Nisi pariatur maiores ipsa exercitationem. Nulla iure aut enim amet. Earum reprehenderit qui ab.',909,'xm',2),(228,'sint','audio',' White Flag','1976-06-25','Keshaun Bergstrom',507,'Repellendus explicabo accusamus quo optio possimus. At distinctio autem qui voluptas. Nesciunt consequatur magni magni ut repellendus molestiae sed. Ea sit est ipsum doloribus voluptatem. Cupiditate tenetur natus blanditiis vero et quos.',543,'opml',3),(229,'natus','book',' Crazy Nuts','2011-05-26','Deondre Wintheiser',708,'Minus nesciunt qui blanditiis omnis rerum nostrum quo. Et qui recusandae dolor fuga tempore in. Blanditiis repellendus non ducimus blanditiis eos id ut. Est sint nulla ut voluptatem alias et dolor quo. Nemo quam aut fugit ipsa rem similique dicta.',1010,'mathml',1),(230,'est','audio',' Only Losers','2005-08-06','Darian Padberg',932,'Quia quod quo libero nihil. Culpa qui alias qui commodi mollitia. Id iste voluptas et consequatur ab earum iusto praesentium. Aut neque facilis omnis ut qui rerum.',370,'mets',2),(231,'fuga','audio',' Crazy Nuts','1982-10-03','Eulah Waters Sr.',740,'Optio ad aut eum voluptatem. Mollitia cumque rerum doloremque consequatur atque eaque reiciendis. Possimus hic est eaque et repellendus.',386,'sxd',3),(232,'voluptas','book',' GoGoBy','1982-11-26','Meggie Lakin',1069,'Nisi soluta voluptatem voluptatem est omnis molestias magni. Dignissimos quisquam est provident ea. Odio perferendis aut praesentium laudantium est eius.',820,'vcf',1),(233,'aut','audio',' Fake Data','2005-07-02','Alejandra Runolfsson',890,'Deleniti voluptatem deleniti tenetur sequi modi sapiente. Iure error natus debitis enim. Perferendis similique odio inventore quaerat. Est neque quo et optio minus.',1013,'qam',2),(234,'saepe','book',' Great Dad','1976-01-14','Willard Jast',1406,'Eos provident voluptatem fuga quia aut quod delectus sit. Repellat distinctio et qui incidunt laborum asperiores nulla ullam. Quia sapiente autem recusandae in architecto quidem sed. Vero voluptatum hic facilis voluptas blanditiis.',653,'rgb',3),(235,'sed','audio','New Times','1975-06-26','Jack Prohaska',1401,'Neque quas cupiditate sed quo aut blanditiis sunt. Et hic dolore est esse corrupti.',860,'viv',1),(236,'ut','audio','New Times','1997-04-27','Dr. Luther Schmidt',989,'Sed reprehenderit ex asperiores doloribus. In veniam voluptas distinctio non a quisquam. Ut dolorum voluptatem aut eius distinctio est dolorem. Et debitis officia nobis itaque quam fugit atque.',549,'mag',2),(237,'dolor','book',' JonnyTalker','1970-07-12','Mrs. Dahlia Shanahan III',954,'Voluptatem porro fugit asperiores ea ea. Error eum eligendi molestias quia. Enim eius et aliquam quae enim. Nihil esse quasi qui est sint.',824,'odft',3),(238,'voluptates','book',' White Flag','1976-12-14','Georgette Hettinger',1437,'Sequi commodi iste minima tempore. Aut placeat alias repellendus aspernatur quibusdam labore beatae. Veritatis mollitia aliquid laboriosam aut quae sint maiores.',561,'xlsb',1),(239,'qui','book',' Great Dad','2000-12-02','Dane Dach Sr.',338,'Voluptas voluptatibus hic dignissimos et earum et in. Mollitia voluptas in explicabo placeat. Voluptates magnam molestiae doloremque totam voluptatibus ad. Molestias at numquam enim qui qui qui ut.',662,'wav',2),(240,'laudantium','book',' Fireplace','1979-04-07','Mrs. Giovanna Schroeder Sr.',802,'Provident aliquam aut necessitatibus necessitatibus nostrum sed facere. Facilis et deleniti debitis sunt vero. Qui qui exercitationem quisquam libero. Temporibus est ratione voluptatibus totam cupiditate.',496,'obd',3),(241,'quidem','audio',' Only Losers','2008-06-13','Wayne Simonis DDS',998,'Ratione facilis aut recusandae enim neque. Maiores ea beatae unde est quas. Labore ullam aut totam sit. Consequatur et aspernatur unde corporis deleniti earum voluptatibus.',803,'caf',1),(242,'unde','book',' Only Losers','1978-07-30','Jaren Gislason',688,'Perferendis necessitatibus saepe laborum temporibus excepturi id et. Perferendis ad hic eum. Repellat incidunt possimus molestias eligendi. Autem similique eos nihil officiis sit neque voluptatem.',409,'wmx',2),(243,'quidem','audio','New Times','2000-02-14','Dr. Blake Turner',864,'Nobis dolores ut doloribus sequi aspernatur non. Rerum consequatur eaque molestiae expedita sint quia. Est in deserunt dolores. Tempora perspiciatis mollitia a doloremque qui.',631,'woff',3),(244,'placeat','audio',' RedRead','2007-10-02','Dr. Deion Littel MD',1307,'Aliquam placeat excepturi aliquid sit et suscipit. Quia porro vero ut debitis aut adipisci sequi. Dolores sapiente aut eos non reprehenderit officiis ipsam dolores. A alias dolorem delectus ex corporis inventore.',968,'mdi',1),(245,'voluptatem','audio','New Times','2003-04-01','Mrs. Margot Dibbert',483,'Eum dolores inventore totam dolores et quaerat. Ut aspernatur cupiditate minima et cum. Quisquam consequuntur a atque consequuntur odit velit.',993,'vtu',2),(246,'illo','audio',' Only Losers','1989-01-09','Emerson Hickle',1129,'Atque praesentium ea est optio eius accusamus asperiores. Nihil quos dolores aut omnis et et ex.',407,'sitx',3),(247,'consequatur','book',' Greed','1993-07-08','Hilton Simonis',1000,'Porro iure sit distinctio molestiae excepturi. Aut ut laborum commodi quia autem quia aperiam.',826,'uoml',1),(248,'perferendis','book',' JonnyTalker','2000-05-21','Chyna Konopelski',1299,'Eum eos at quam corporis. Asperiores quisquam qui officiis numquam omnis deleniti aperiam. Maxime atque tempora enim at incidunt. Minus qui quia voluptatibus ducimus dolorum odit.',303,'dna',2),(249,'ratione','book',' White Flag','1978-10-03','Wilhelmine Tromp',1267,'Earum est facilis natus delectus repellendus laborum molestiae. Nostrum nihil veniam culpa tenetur error perferendis sapiente. Rerum est dolor totam vel aliquid.',945,'z1',3),(250,'beatae','book',' Smthg Blue','1998-05-07','Aisha Douglas',525,'Perferendis velit omnis et nam distinctio. Voluptatem fugiat sunt eaque qui omnis voluptas voluptas. Minima minus nam ipsa deleniti quia quis debitis.',642,'sub',1),(251,'saepe','book',' Only Losers','1978-03-30','Mariana Kunde',197,'Quis sint et cum nostrum necessitatibus. Officiis assumenda magnam occaecati qui. Distinctio id ab maiores asperiores aut adipisci voluptas asperiores. Qui fuga aut qui et enim pariatur tempora.',838,'nbp',2),(252,'id','audio',' FlayClay','1985-04-20','Elenora Wolff',1216,'Voluptas aperiam officiis placeat architecto vitae autem. Doloribus nemo voluptatum quod accusamus. Pariatur eos veniam molestiae nesciunt reiciendis. Tempora numquam qui rerum hic consectetur beatae.',784,'ims',3),(253,'sed','audio','New Times','2000-07-16','Lexie Nitzsche PhD',1288,'Adipisci commodi ratione et labore sit quis voluptas. Sunt quae voluptatum impedit aut libero molestiae nihil. Ut voluptatem nisi quam dolorum quas dicta. Magni repellat at qui sint totam et non.',693,'bz',1),(254,'est','book',' Smthg Blue','2002-04-19','Aliya Boyle IV',260,'Eum qui ut sint soluta ipsa. Nostrum possimus porro eum repudiandae blanditiis et. Nisi molestiae maiores laborum ea dolor dignissimos.',367,'mseed',2),(255,'quaerat','audio',' Crazy Nuts','1993-07-08','Mr. Tavares Wolf III',337,'Eos rem ex nesciunt dolorem. Dolorem quo quae enim error consequatur illo veniam. Odio quaerat hic nihil perferendis reprehenderit dolorem. Quia reprehenderit rerum similique quia quia libero quos perferendis.',905,'wm',3),(256,'id','book',' JonnyTalker','1990-10-06','Mr. Jeff Heller PhD',1285,'Voluptatibus inventore non quibusdam exercitationem qui. Odit dolores consequuntur et fuga. Saepe nihil vel sunt nisi similique. Repellat praesentium impedit nesciunt recusandae eius.',591,'xwd',1),(257,'iste','audio',' Only Losers','1984-03-12','Ms. Michele Jerde V',1012,'Laboriosam magnam quidem dolores laborum dignissimos officiis omnis. Inventore in consequuntur itaque repudiandae enim consequatur. Optio veniam rem pariatur id autem odio molestiae molestiae. Omnis voluptas provident qui.',930,'sid',2),(258,'et','audio','New Times','2013-04-04','Prof. Albina Runolfsdottir IV',1426,'Dolorem dolore voluptas quasi reprehenderit expedita odit dolores adipisci. Quos voluptas sint architecto voluptas sit. Temporibus voluptas odit qui odit cupiditate quia praesentium.',439,'opml',3),(259,'omnis','book','New Times','2001-09-28','Raleigh Lind',1112,'Esse deleniti repellendus optio sed. Consequatur in accusantium delectus. Iusto quisquam repudiandae consequatur nemo a. Consequatur voluptatem ut nemo vitae quidem officiis.',532,'gam',1),(260,'aut','book',' ForFun','1986-11-25','Clemmie Emard II',312,'Cumque qui aut ut. Cupiditate quam magni iure corrupti vel. Sequi porro nihil maiores ipsa eius quasi cupiditate.',437,'rar',2),(261,'molestias','book',' RedRead','2002-08-23','Prof. Gladys Pfeffer',917,'Enim aliquid omnis velit quia aperiam magni. Ipsa aliquid quis ipsum aut. Sapiente perspiciatis tempora nobis nemo. Earum ut saepe ea in eaque maxime.',672,'jad',3),(262,'et','audio',' Greed','1978-09-29','Caterina Ryan',638,'Nihil voluptas dolor rerum et pariatur ut dolorum. Et vero in aut quo aut. Aut ea aut aut doloribus eaque. Alias ratione doloremque quis rem quisquam consequatur est qui.',364,'sql',1),(263,'error','book',' RedRead','1988-10-05','Eula Morissette',563,'Est veritatis minus nemo cumque ut sit. Recusandae quod optio quia libero voluptate voluptas optio doloremque. Enim exercitationem est harum aut ad nihil quod porro.',522,'png',2),(264,'rerum','book',' Great Dad','2001-07-19','Friedrich Kuhic',1151,'Laboriosam occaecati numquam maiores itaque est iste aut. Soluta nulla eum omnis voluptas reprehenderit molestias sapiente. Ipsa enim commodi deleniti fugit voluptates. Non quibusdam eligendi facere molestiae possimus atque.',720,'t3',3),(265,'eligendi','book',' Warm Sweater','2013-01-24','Alysha Bednar',1281,'Aliquam sit eligendi voluptatem delectus. Qui eveniet aut quo voluptas. Earum ullam numquam quaerat sit eaque cum sed. Voluptatem molestias quis iure sint possimus.',316,'xpl',1),(266,'voluptatem','book',' Great Dad','1983-10-11','Miss Reina Reichel II',849,'Aut quibusdam quisquam quaerat dolorem aut aliquam. Minus quos doloremque dolorem illum repellendus et. Debitis ut est sed quia.',562,'xul',2),(267,'ab','book',' ForFun','1991-09-03','Guido Larson III',1211,'Consequatur suscipit nulla est eum ipsam et qui. Natus laborum laudantium qui amet molestiae. Quia quam natus voluptates tenetur.',448,'odf',3),(268,'laborum','audio',' RedRead','2012-08-30','Dr. Albertha Anderson',556,'Saepe non eveniet dolorem perspiciatis. Sequi labore magni alias quos earum voluptatum placeat voluptas. Temporibus autem qui nemo rerum aut nisi.',309,'7z',1),(269,'perferendis','audio',' Fireplace','1974-04-02','Regan Walker',290,'Quibusdam sit et dolorum aut laborum. Voluptatem placeat deserunt repellendus voluptas officiis. Iste enim assumenda deserunt ut.',679,'nml',2),(270,'in','audio',' White Flag','1975-09-21','Jada Schmitt',980,'Eos sit debitis nisi et iste quis cumque commodi. Consectetur voluptas non maiores hic totam quia illo. Ad reprehenderit quos modi explicabo. Alias eos rerum est quibusdam repudiandae sapiente expedita.',352,'otp',3),(271,'cumque','audio',' Fake Data','2004-08-09','Colleen Greenfelder',1011,'Autem commodi voluptatem itaque voluptate laudantium quasi. Id a earum rem et cupiditate et. Et minima ut soluta quos qui eius. Tempora reprehenderit asperiores laboriosam natus laborum voluptatem.',279,'emma',1),(272,'qui','audio',' Fireplace','1999-12-09','Laron Kshlerin PhD',403,'Fugiat quam debitis molestias et quos sapiente. Ullam ut et eum quia. Ad id facilis recusandae expedita est velit modi aperiam.',782,'vcs',2),(273,'quibusdam','book',' Great Dad','1970-01-04','Dr. Raven Connelly',1476,'Consequatur cumque cum deleniti suscipit commodi odio. Ipsum sed est cum dolores nulla assumenda voluptatibus. Est officia deserunt id nobis et rerum. Nesciunt eveniet veritatis magni odit saepe similique debitis.',498,'h264',3),(274,'velit','audio',' Great Dad','2012-08-22','Dianna Hand',1119,'Quidem quos ut unde facilis odio sint. Rerum inventore modi tempore dolores quasi eos quis quo. Sequi et soluta suscipit dignissimos qui.',275,'sfv',1),(275,'aut','audio',' Fireplace','1999-02-20','Brycen Boyer',231,'Rerum perspiciatis sed omnis ad. Corrupti impedit rerum voluptatibus omnis. Eius natus dolores dignissimos non.',532,'curl',2),(276,'et','book',' Fireplace','1983-11-28','Margarett Kemmer I',207,'Vel sit est nihil blanditiis est in nihil. Eos eaque ab soluta. Quam repellendus ut odit architecto est ut. Ut in commodi accusamus ad ut.',358,'kwt',3),(277,'qui','audio',' JonnyTalker','2017-03-20','Laurence Bruen I',1421,'Itaque non aut iste aut soluta. Possimus ab beatae nesciunt molestiae id perferendis.',688,'rif',1),(278,'omnis','book',' Fireplace','1975-11-11','Rosalee Monahan',175,'Et quis ea facere quisquam. Architecto dolorum quaerat commodi. Perferendis est ut temporibus sunt.',371,'doc',2),(279,'nemo','audio',' RedRead','2012-02-19','Jeromy Conroy',437,'Vero praesentium aut molestiae ab nemo. Facere enim architecto error inventore veritatis rerum amet. Dolores saepe et tenetur repudiandae et. Sunt velit quia minima quae enim esse.',937,'3dml',3),(280,'dicta','book',' Fireplace','1993-04-27','Carlotta Barrows',1161,'Sunt non exercitationem itaque at modi. Illo iusto aperiam repudiandae minima qui cumque dolorem. In pariatur harum dolorem animi quia aut est. Minus aut sint quaerat consequatur ullam.',942,'link66',1),(281,'provident','book','New Times','1987-05-24','Ramiro Stoltenberg',560,'Rem odit amet voluptatum ipsa laboriosam. Sunt consequatur ea voluptatum dolorem. Consequatur error est esse odit corporis. A sed ea ipsa voluptatibus illo dolorem. Incidunt occaecati sint eos sed consequatur aut exercitationem.',337,'msh',2),(282,'non','audio',' Fake Data','1981-03-20','Vaughn Cronin II',1151,'Harum et aperiam sit dolor est fugit dicta. Ut omnis veritatis ex fuga reiciendis non. Totam recusandae est exercitationem qui.',397,'xdf',3),(283,'possimus','book',' Smthg Blue','1973-06-20','Franco Beier I',998,'Perspiciatis eligendi aut earum veritatis sit adipisci. Animi ullam asperiores est est qui cumque. Recusandae quos ut ut quia ea. Sit et voluptatem quaerat molestiae voluptatum.',602,'svc',1),(284,'maiores','audio',' Greed','2000-03-28','Elva Rice MD',1249,'Fuga in iste perferendis consequatur totam ad mollitia ducimus. Voluptatibus nisi dolore eum. Voluptatum illum quis rem est quo labore id. Laudantium reprehenderit quis sequi autem quas ullam dolores.',961,'otp',2),(285,'quam','book',' Great Dad','1991-08-09','Vince Boyle',523,'Delectus dolor neque esse doloremque. Assumenda sed magni eum adipisci consectetur voluptatem quo. Velit ea quia dicta exercitationem.',325,'karbon',3),(286,'accusantium','audio',' Sunshine','1999-10-09','Jazmin Toy DDS',415,'Sit laboriosam et enim cumque. Excepturi ut consectetur doloremque. Quia consectetur quod qui non dolores dolorem.',361,'musicxml',1),(287,'minima','audio',' RedRead','1990-07-16','Prof. Kenneth Wolf Sr.',240,'Culpa sit perspiciatis omnis rerum velit blanditiis libero quasi. Qui est ex quae ut. Quibusdam voluptas id reprehenderit quis.',821,'flw',2),(288,'qui','audio',' Smthg Blue','1975-09-04','Victor Hauck',346,'Sunt voluptatem officia corporis nihil explicabo tempore. Inventore repudiandae libero ut veniam et quidem. Soluta dicta porro aliquam voluptatem optio.',603,'sxi',3),(289,'accusantium','audio',' Smthg Blue','2013-09-24','Casper Kovacek',1238,'Nisi necessitatibus qui ipsum nam asperiores dolorem aspernatur culpa. Iusto occaecati nihil labore eum laboriosam pariatur. Veritatis non ducimus tenetur doloribus fuga optio asperiores. Qui ab minima sunt fugiat atque.',569,'rgb',1),(290,'quae','book',' Smthg Blue','1998-05-03','Audreanne Farrell DDS',233,'Quia consequatur assumenda sapiente voluptas laudantium consequatur. Velit necessitatibus quo sint. Provident quam animi minima aut voluptates.',917,'sus',2),(291,'natus','audio',' Smthg Blue','2008-07-22','Dr. Adam Kohler',1182,'Assumenda odit veniam assumenda nisi expedita beatae non earum. Voluptatem pariatur eveniet et cumque ut. A inventore qui impedit voluptatem tempore quisquam neque.',374,'bmp',3),(292,'velit','audio',' RedRead','1991-01-01','Bettie Rohan',583,'Repellendus excepturi ipsam quia atque omnis animi nulla. Rerum ipsum quis enim.',744,'mng',1),(293,'fuga','audio',' RedRead','1994-10-21','Ofelia Crooks V',240,'Officia occaecati et veniam rerum quibusdam. Dolorum voluptatibus dolorum neque omnis rerum. Soluta velit est rem rerum. Velit id velit nisi quo est.',595,'xif',2),(294,'id','book',' Greed','1978-10-17','Alexanne Schmeler',177,'Deleniti aperiam culpa alias quasi. Porro nostrum enim non possimus ea blanditiis reiciendis. Quaerat necessitatibus aut doloremque enim.',921,'uvva',3),(295,'maxime','book',' Great Dad','1971-12-23','Camilla Ziemann PhD',768,'Magnam totam explicabo voluptas perferendis eum ad qui. Autem nihil aut blanditiis accusantium dignissimos voluptatum. Amet officia corrupti dolores quas. Voluptatem totam magnam enim at alias.',616,'chm',1),(296,'eos','audio',' White Flag','1984-12-14','Prof. Benedict Kovacek',500,'Facilis voluptas nihil quo voluptatem. Molestiae ea voluptatum numquam ipsa dolorem. Esse ad et sint in.',728,'ez3',2),(297,'quia','book',' Sunshine','2014-03-28','Ubaldo Medhurst',1317,'Similique adipisci eligendi ullam atque. Harum et ullam et impedit. Ullam quibusdam consequuntur voluptatem aliquam explicabo quod est distinctio. Quidem inventore veritatis eum voluptas deleniti aut.',689,'xo',3),(298,'numquam','audio',' RedRead','1990-07-29','Juanita Cole',511,'In tempora iste id veritatis voluptas et. Ut quam voluptas explicabo. Repellendus non voluptatibus voluptas reiciendis excepturi ex. Deserunt dicta numquam quia itaque ex molestiae quas.',725,'mlp',1),(299,'fugit','audio',' Fake Data','1978-04-25','Jalon Hayes',656,'Quis quia eaque rerum. In ea velit aut unde at maxime. Officia et ut laboriosam eveniet magnam tempore velit. Occaecati distinctio totam est et a. Voluptatem vero illo labore voluptas numquam voluptas iusto tempore.',782,'jad',2),(300,'veniam','book',' Fake Data','2004-09-07','Marilyne Ziemann',887,'Cum sit commodi omnis sequi occaecati omnis. Sed accusamus quae assumenda dolores fugit molestiae consequuntur nostrum. Repellendus consequuntur quaerat sequi cum et dolores. Delectus odit asperiores iusto.',964,'jnlp',3),(301,'et','book',' RedRead','1982-07-21','Brandyn Dooley',586,'Assumenda nesciunt quia aut consequatur. Sit id voluptatibus culpa porro molestiae assumenda. Architecto ex ea quae molestiae. Cumque cupiditate sapiente suscipit libero sit eos.',674,'mdb',1),(302,'quibusdam','audio',' Great Dad','1997-06-21','Erwin Morissette DDS',1307,'In architecto est molestias aperiam et culpa. Ipsam reiciendis quaerat non voluptas voluptatibus qui beatae. Ex facere aut sed nemo voluptatem. Minus veniam non natus sunt quam. Impedit provident eaque amet voluptatem unde voluptatem.',610,'bmp',2),(303,'consequuntur','audio',' Fake Data','1997-07-24','Prof. Edison Collins',689,'Voluptatibus dolores maxime est sit. Quam voluptatibus corrupti saepe et ut nemo. Et quisquam nam et eum aperiam optio quis mollitia. Temporibus aut laudantium autem ea assumenda totam.',684,'sema',3),(304,'rem','book',' Smthg Blue','1972-04-01','Prof. Roger Koepp IV',604,'Nihil occaecati molestiae et sed. Sequi perferendis repellendus dolorem quidem quos. Architecto laborum corporis vel sit.',964,'xsm',1),(305,'eius','book',' Warm Sweater','1985-10-04','Prof. Jettie Abbott IV',952,'Nisi accusantium quia dolorem neque consequatur omnis perspiciatis. Ut aut tempore sed rem iure. Rerum dicta neque ut molestiae fuga harum mollitia. Non repudiandae ipsam eum. Deserunt placeat qui rerum sed.',932,'dwf',2),(306,'fugit','book',' Warm Sweater','1991-02-24','Dr. Pat Shanahan',953,'Delectus soluta rerum laudantium qui. Optio modi dolore eos nobis vel recusandae. Voluptatem sapiente quisquam vitae est inventore. Non dolores mollitia ut quia illo.',381,'wqd',3),(307,'sapiente','audio',' JonnyTalker','1980-09-29','Sage Farrell',427,'Facilis qui porro et nihil ducimus. Aliquam asperiores dicta facere. Similique nostrum ipsa ut voluptates sed non. A et repudiandae officia. Autem cumque maiores et inventore amet voluptatum dolore architecto.',838,'slt',1),(308,'expedita','audio',' FlayClay','1979-05-06','Mr. Jimmy Baumbach V',820,'Ut quia incidunt voluptatem mollitia aspernatur id. Aut autem qui voluptatem exercitationem. Molestiae modi nihil reiciendis corporis pariatur optio sed ut.',491,'wav',2),(309,'id','book',' Warm Sweater','1994-10-19','Dr. Noe Wehner DVM',1433,'Accusantium voluptatibus nam officiis provident distinctio nulla et delectus. Non fuga consequatur esse aut id voluptatem atque voluptates.',611,'igl',3),(310,'repudiandae','book',' Fake Data','2003-11-11','Prof. Darby Kemmer V',980,'Sit ut labore ipsam incidunt. Unde similique animi et numquam illum aut.',520,'bz',1),(311,'esse','book',' Fireplace','1996-08-25','Sophie Kuphal',288,'Sed distinctio molestias in corporis dignissimos ad cupiditate. Adipisci velit voluptatem sint quia quaerat. Vel minus consequuntur illum voluptatem quis. Ea molestias autem est. Expedita est cum corrupti non.',912,'mxs',2),(312,'recusandae','audio',' Fake Data','1985-11-20','Ms. Lempi Yundt',266,'Alias minus omnis odio minima sequi. Soluta nihil aut quas cum quaerat. Est velit aut id voluptatem perferendis aut.',617,'ftc',3),(313,'molestiae','book',' Smthg Blue','1975-03-18','Lester Harvey',182,'Facilis est nulla sed hic est saepe. Ex voluptas tempore unde eos saepe. Molestias amet consequatur et facilis dicta fuga animi. Quaerat dolorem voluptatem iusto odit porro corrupti omnis.',746,'ptid',1),(314,'consequatur','audio',' FlayClay','1973-05-14','Prof. Ashly Fritsch Jr.',564,'Dolore officiis aut sed. Qui animi qui dignissimos iste atque voluptatem. Est voluptatem rerum nihil et. Perferendis aliquam illum id quo.',765,'wm',2),(315,'vitae','book',' Smthg Blue','1978-06-18','Madie Lehner',806,'Aliquid incidunt nesciunt omnis perferendis consequatur voluptatem voluptas. Illo repellat dolorem expedita praesentium. Ut quia eos quae aut aliquam id.',276,'wvx',3),(316,'iure','audio',' ForFun','2007-11-14','Dr. Jakayla Tremblay I',245,'Voluptatem unde minima eum ut modi soluta deserunt tempora. Consequuntur veritatis consectetur labore commodi necessitatibus cupiditate. Laudantium sit voluptatem ullam molestiae magni quia nostrum. Et aut aut amet praesentium quidem dignissimos.',1022,'otc',1),(317,'provident','audio',' Crazy Nuts','1997-04-01','Miss Jailyn Stoltenberg PhD',928,'Commodi eum inventore sunt harum ex delectus earum. Iusto officiis omnis fuga dignissimos vero. Vitae aspernatur aut rerum. Aliquid deleniti voluptatem quis iusto totam suscipit officiis rerum.',735,'chat',2),(318,'non','book',' GoGoBy','2009-04-11','Dr. Aidan Willms',1377,'Exercitationem quibusdam quod similique eaque. Vitae libero est est expedita. Cum aut odio dolores debitis recusandae aut itaque.',733,'torrent',3),(319,'est','audio',' ForFun','1973-09-18','Stephania Watsica',1259,'Et quos provident adipisci quisquam consequatur qui laboriosam. Tenetur facilis quisquam quod cum. Consequatur eum reiciendis animi ea atque.',871,'xm',1),(320,'nulla','book','New Times','2014-10-09','Skye Wolf',514,'Qui mollitia voluptas voluptatem impedit nobis sequi earum facilis. Nostrum sit quia eligendi magnam maxime. Et quam vero totam aliquam omnis et dolore.',806,'odp',2),(321,'ea','audio',' FlayClay','1974-07-04','Brandyn Gleichner',1175,'Ad cupiditate quibusdam rem perferendis. Itaque earum beatae eum blanditiis. Nostrum sed quibusdam ad voluptatibus.',299,'cil',3),(322,'nostrum','book',' Sunshine','1984-08-31','Prof. Amari Torphy PhD',1055,'Minima iste molestiae soluta eum sit amet. Explicabo similique sed sed asperiores. Laboriosam dolorem tenetur qui aut accusamus.',541,'tsv',1),(323,'omnis','book',' FlayClay','1972-10-22','Miss Julie Bartoletti',1028,'Ad quo atque dicta. Ad vero quo est soluta tempore. Commodi occaecati quidem tempora nihil aut eaque.',281,'tsv',2),(324,'illo','audio',' Smthg Blue','2006-09-03','Jacquelyn Wolff I',265,'Id rerum sint voluptatum non rerum tenetur. Porro eius ab facilis quia. Occaecati consequatur rerum laborum rerum est. Perferendis quaerat et eaque impedit. Excepturi harum modi ut debitis.',875,'xltm',3),(325,'quam','book',' FlayClay','1978-01-26','Laura Rempel II',917,'Dolor possimus non commodi vitae. Voluptatem et facilis non. Soluta dolores vel qui saepe.',967,'chat',1),(326,'possimus','book',' Fireplace','2014-05-19','Isai Armstrong MD',1132,'Ut ut qui natus et quaerat velit et. Tenetur eius et molestias esse ratione veritatis error vel. Iste dolores officiis nisi magnam magni.',1012,'svgz',2),(327,'provident','audio',' Fireplace','1974-09-14','Allie Walker',1192,'Veniam sit quam assumenda quasi autem. Incidunt assumenda recusandae itaque dolor. Dolor a doloribus est est hic aut.',842,'sxm',3),(328,'voluptatum','book',' White Flag','2018-05-08','Vito Cole MD',176,'Amet autem molestiae porro molestiae labore sapiente non quis. Et dolor quisquam sit illum. Vel saepe officia tempora excepturi.',410,'cat',1),(329,'nostrum','audio',' GoGoBy','2000-05-16','Ms. Lea Boyer DVM',488,'Impedit non ea ad suscipit perspiciatis est. Deserunt officiis sed amet reiciendis.',980,'pot',2),(330,'sapiente','audio',' Warm Sweater','1985-03-11','Tara Veum',279,'Omnis voluptas consequatur fuga. Quo quis et rerum inventore nam neque illo. Velit soluta magni culpa beatae.',640,'odc',3),(331,'sed','audio',' White Flag','1975-04-01','Ena Bode',400,'Distinctio et ut ut vel. In enim explicabo ut blanditiis. Iste repellat fuga totam. Exercitationem illo reiciendis porro. Dolor et molestiae et exercitationem ex dolor rem.',425,'tao',1),(332,'et','book',' JonnyTalker','1985-03-03','Katlynn Gorczany',419,'Nobis maxime sit deserunt nobis facere. Quasi nam omnis aut delectus. Quam enim velit dicta eaque est. Eum iure et nostrum.',313,'sql',2),(333,'qui','audio',' Only Losers','1977-03-09','Prof. Ruby Marks I',1282,'Illum quae facere rerum libero dolorum sed tempora quis. Eligendi soluta eum qui. Adipisci voluptates omnis sed quo qui. Enim vel dolor consequatur nesciunt esse voluptatem.',1007,'atom',3),(334,'ad','audio',' Smthg Blue','2003-11-22','Jordane Satterfield DVM',1237,'Qui ipsa reprehenderit qui omnis fugiat omnis vel. Error doloremque eos autem aut. Qui quia ad ut recusandae nemo aut. Placeat ut optio quia. Dolor quis enim eum dolorum molestias maiores molestiae debitis.',901,'wqd',1),(335,'et','book',' Great Dad','2000-08-02','Mr. Brooks Herzog Sr.',606,'In porro voluptate commodi culpa. Omnis quis iusto omnis debitis sunt soluta. Dolores aut omnis quae est sapiente qui tenetur.',477,'sub',2),(336,'ut','audio',' Fireplace','2010-04-12','Alvis Steuber',196,'Quam labore voluptas sunt eius. Rem repudiandae praesentium aspernatur vel molestias. Harum asperiores quia laborum libero esse voluptatem dolorem harum.',443,'odb',3),(337,'et','book',' Crazy Nuts','2003-07-06','Michale Collier',1319,'Quia neque accusamus quo ut deserunt mollitia eos. Molestiae architecto minima dolores reprehenderit natus quia. Inventore aut fuga libero vel beatae. Quas sit aliquam et accusamus iure dolore sit.',865,'bin',1),(338,'praesentium','book',' Great Dad','1974-09-16','Garland Blick',972,'Aut sit eum vero ex rerum nisi. Repudiandae quod quia dolorum quia. Laudantium aspernatur iste voluptatem fugit. Quasi saepe possimus possimus similique et qui hic.',863,'pyv',2),(339,'voluptates','book',' Smthg Blue','1987-03-25','Mr. Lafayette Luettgen DDS',998,'Odio et optio suscipit expedita eaque dolores pariatur tempore. Et fuga eligendi harum nulla amet accusantium. Quas est autem nostrum vel incidunt ut non.',573,'emma',3),(340,'ratione','book',' Warm Sweater','1979-11-20','Alia Renner IV',1269,'Commodi dolor ducimus eaque voluptas tempore dolor animi. Et nihil voluptate quidem. Qui rem voluptas dicta.',990,'tcl',1),(341,'quaerat','audio',' Only Losers','2003-05-18','Lura Kreiger',534,'Voluptatem aut molestias voluptas ut. Assumenda qui saepe expedita voluptatem placeat cumque est. Nihil fuga in eius vel quaerat commodi. Dolore maiores eos odit porro magnam.',882,'shar',2),(342,'velit','book',' White Flag','2010-12-31','Ms. Destiny Bauch III',1251,'Corrupti ullam mollitia nostrum earum quam voluptas. Id voluptatem quia placeat magnam distinctio ducimus distinctio. Maxime possimus et assumenda molestiae. Ipsum enim facere debitis ad non.',954,'pcap',3),(343,'non','book',' Warm Sweater','2008-10-22','Cheyenne Senger',1418,'Omnis praesentium et incidunt et voluptatem ratione sit. Similique facilis voluptatem aut accusantium ullam voluptatibus. Iste at labore qui molestias.',450,'jpgv',1),(344,'molestiae','audio',' GoGoBy','1997-11-25','Ms. Hanna Donnelly',586,'Eos non quas ullam et. Perspiciatis temporibus ipsum autem. Ut id rerum sit qui facere consequatur aut autem.',410,'kwd',2),(345,'eius','book',' ForFun','1984-11-20','Peyton Hirthe',1167,'Et cumque alias est quisquam nostrum qui. Commodi voluptate similique aut mollitia possimus est harum saepe. Nihil earum ratione voluptatem occaecati.',277,'lbd',3),(346,'molestiae','book',' ForFun','1999-07-12','Trevion Cronin V',1030,'Inventore voluptas ipsa aut laboriosam libero sed tempore. Ut qui dolorem laborum cumque deleniti qui iusto. Labore assumenda molestiae enim qui aut neque atque. Rerum voluptates ratione voluptatibus rerum perspiciatis voluptatem labore dolorem. In blanditiis reprehenderit consequatur incidunt.',291,'see',1),(347,'dolorem','book',' Only Losers','2003-11-25','Arnold Davis III',1088,'Minima est error sit quod. Non sit numquam sunt quo qui. Soluta ut vero enim officia totam voluptas sunt. Incidunt quia quia numquam impedit corporis.',566,'xslt',2),(348,'asperiores','book',' FlayClay','2013-03-08','Beverly Treutel',518,'Nihil impedit et dolores dolores distinctio. Consectetur mollitia inventore ipsam quam sit fuga. Quidem inventore voluptas sint dignissimos beatae. Maiores et possimus velit.',570,'bz',3),(349,'molestias','audio',' Warm Sweater','2011-05-01','Dr. Layne Cartwright',736,'Ut deserunt consequuntur repellat debitis quis. Nesciunt est et illo ducimus ut. Blanditiis quae quo et et temporibus nesciunt quis.',874,'n3',1),(350,'aut','book',' Warm Sweater','1977-04-18','Dr. Sigrid Auer PhD',792,'Quia voluptatem aut quidem quos esse aut. Ea iure omnis quia architecto velit dolorem. Consequuntur sed et tempore voluptas ex mollitia earum aut. Omnis ea eius soluta laboriosam repellat.',739,'xps',2),(351,'nobis','book',' ForFun','2017-07-15','Dr. Carmelo Dibbert',407,'Quia saepe velit amet recusandae nesciunt. Exercitationem architecto cum laboriosam facere error assumenda. Tempora rerum qui molestiae sunt dignissimos non. Fugiat quia voluptatem qui.',488,'semf',3),(352,'vitae','audio',' Fireplace','1994-04-19','Sheldon Rolfson',1419,'Eveniet atque aut sint architecto omnis enim. Optio minus sit et. Id quasi repellat magni odit rerum.',651,'nml',1),(353,'laborum','book',' ForFun','2018-12-15','Heidi Treutel',1173,'Sed dolores voluptas enim esse sed. Quia consequuntur autem fugit consequatur cupiditate laudantium veniam. Expedita aspernatur qui quo dolore ipsam mollitia.',846,'otg',2),(354,'voluptatem','audio',' Warm Sweater','1983-09-22','Hester Watsica V',437,'Sed qui nostrum ut quis ratione. Et autem animi iure quis consequatur. Nulla natus dolor at. Itaque voluptas necessitatibus tempora est ea rerum est.',376,'otc',3),(355,'est','audio',' RedRead','1980-11-21','Nelson Glover',455,'Voluptatibus nam est quisquam sunt delectus velit quam. Pariatur magnam magnam modi maxime.',684,'xar',1),(356,'sequi','audio',' Fake Data','1991-05-14','Mr. Joel Mraz MD',785,'Vero consectetur est amet ab nostrum in quia. Et excepturi quia occaecati similique ut quod. Quia aliquam possimus sapiente exercitationem aut fugit. Perferendis eos aut harum totam fuga.',302,'xwd',2),(357,'est','audio',' ForFun','1989-04-04','Nash Shanahan',1152,'Incidunt illum sed accusantium quae cupiditate magnam. Reiciendis ut quam voluptatem. Sed aut eaque saepe quae quae laborum. Veniam quos et aut quam et aut.',434,'xhvml',3),(358,'aliquid','book',' JonnyTalker','1989-03-22','Jazlyn Cassin',1253,'Perspiciatis expedita autem illum est molestias a dolores eius. Est facilis error enim. Harum qui ut et exercitationem. Sint facere voluptas beatae molestiae.',317,'gdl',1),(359,'consequatur','book',' Great Dad','2004-05-11','Cindy Mitchell DDS',547,'Ut illo voluptas omnis. Enim velit rerum aut ipsa voluptas.',320,'uvu',2),(360,'iure','audio',' Sunshine','2018-09-10','Amie Bergstrom',285,'Dolor odit accusamus ex illum soluta et provident. Dolorum tenetur sunt tempore aut est. Eaque velit excepturi aliquid.',521,'rmvb',3),(361,'ut','audio',' Smthg Blue','1974-01-27','Filomena Reynolds',691,'Quaerat hic voluptatibus nihil quos praesentium beatae sed. Inventore dolores id corrupti illo. Est corporis culpa quia placeat sunt exercitationem esse.',568,'tsv',1),(362,'pariatur','book','New Times','1990-01-30','Ezra Koss',631,'Et doloremque voluptatum libero nobis veniam soluta quia. Soluta cupiditate qui ad et vel sint. Corrupti ut aut sed sed excepturi.',360,'uoml',2),(363,'veritatis','audio',' Fake Data','2006-02-01','Avis Bradtke',197,'Eos tenetur delectus doloremque dolore. Voluptate aliquid accusantium et hic nostrum molestiae. Minus consequatur maxime dolore voluptatem. Voluptate blanditiis fugiat quos molestiae fugiat.',423,'dotx',3),(364,'et','audio',' Fake Data','1973-11-18','Dr. Shayne Rempel I',910,'Itaque error sed aut. Non sit velit nemo necessitatibus omnis voluptatem. Sed quis et recusandae similique fugit quia ut eos. Itaque non sit omnis ipsam facilis illo.',623,'svd',1),(365,'aut','audio',' White Flag','2001-05-29','Elena Feil',850,'Libero dolorem ullam et quae rerum nihil molestias non. Dolor quidem quas qui et a et maiores. Ab dignissimos veniam molestiae voluptatem eum et. Optio aut minima cum. Eos assumenda labore occaecati cum.',321,'lbd',2),(366,'rerum','audio',' JonnyTalker','2010-08-26','Janiya Bruen MD',180,'Magni dolore repudiandae non distinctio atque. Rerum et ullam corrupti quasi odit corrupti perferendis. Incidunt est quas voluptatum modi voluptas ullam. Ea perferendis nam nobis perspiciatis nesciunt sapiente incidunt beatae. Autem dolor quod velit corrupti repellendus perferendis.',383,'karbon',3),(367,'et','audio',' Fireplace','1998-08-20','Ms. June Dach DDS',1214,'Quia molestias suscipit sit. Neque nam enim doloremque eos. Ut qui unde ut voluptatem quia. Quia doloribus ea aut temporibus et aut aut.',525,'xdm',1),(368,'ut','book',' JonnyTalker','1970-03-25','Shawna Kohler Jr.',1083,'Ullam autem ab voluptate consequatur optio et laborum. Est dolores sint perspiciatis in deserunt. Molestias dolore qui ut facilis. Amet optio debitis placeat.',318,'js',2),(369,'iure','audio',' Fake Data','1989-04-03','Effie O\'Conner',1097,'Praesentium cupiditate occaecati est consectetur modi placeat quo. Aut iusto et sed fugit sit in adipisci cumque. Reprehenderit sequi libero et quo animi voluptatem. Velit qui consequatur deserunt ipsa officiis aliquam.',438,'m3u',3),(370,'atque','book',' Smthg Blue','2009-09-12','Maeve Kutch',504,'Incidunt ut voluptatum eius similique aut est quia. Quia illo fugit ipsam qui animi sit quia. Blanditiis reprehenderit ab impedit sunt et in laborum. Ducimus alias quis molestiae porro iste rerum voluptas.',634,'link66',1),(371,'corrupti','audio',' Great Dad','1989-06-04','Lazaro Davis',1258,'Autem et est cupiditate omnis corporis quam modi et. Autem eaque placeat consequatur aut eum tempore facilis. Neque excepturi qui autem non occaecati ullam similique. Laboriosam impedit libero dolor sint sunt exercitationem.',701,'n3',2),(372,'optio','audio',' Crazy Nuts','1983-12-18','Tabitha Rosenbaum',600,'Soluta temporibus quibusdam necessitatibus. Aut debitis et eveniet autem fuga.',365,'pre',3),(373,'eveniet','audio',' Only Losers','2020-08-24','Thora Hermiston',1125,'Voluptatem placeat placeat velit ut vero ex in. Voluptatem facere ad debitis. Expedita fuga voluptate possimus sapiente animi. Voluptatum ab deserunt deleniti odit.',504,'dataless',1),(374,'vitae','audio',' JonnyTalker','1994-08-14','Austen Lesch',977,'Optio amet expedita ea ipsum eos eos est. Voluptates labore eveniet nostrum ipsa non optio sapiente. Nisi quas sit omnis et rem quis dolor. Accusamus molestiae esse unde nobis quis quis.',647,'pls',2),(375,'vitae','audio',' Warm Sweater','2006-12-18','Deja Herzog',826,'Numquam natus tenetur voluptatem in maxime beatae magni. Vitae voluptatem placeat et. Distinctio itaque vitae accusamus vero soluta magnam magni. Et impedit fuga et dolores ipsam veniam eligendi. Qui fugiat nobis consequatur non.',851,'mus',3),(376,'enim','book',' Sunshine','1981-04-23','Dr. Dorothea Fisher',301,'Magnam excepturi cum cumque quia dolorum. Est ducimus enim nihil. Voluptatum rerum et debitis quo non dolor sunt. Sapiente sunt velit dolor debitis mollitia assumenda architecto. Molestiae perferendis aspernatur sint.',756,'svc',1),(377,'blanditiis','audio',' Fake Data','1976-04-17','Jazmyn Auer',837,'Facilis eius est earum temporibus. Harum deserunt molestiae doloribus autem rerum et voluptatem. Dolor sed voluptatem dolores numquam cum atque incidunt vel. Voluptas debitis dolores odit optio reiciendis et earum sunt.',366,'std',2),(378,'ut','book',' GoGoBy','1982-11-01','Mackenzie Haag',961,'Ratione dolore dolores eligendi ab quo. Consectetur similique quia est temporibus. Velit sed magni voluptatem accusamus qui. Enim quisquam eligendi rem illum qui voluptatibus sit.',828,'nbp',3),(379,'possimus','audio',' RedRead','1988-03-14','Miss Nona Schmeler',263,'Quod rerum rerum nam cum explicabo nam. Consequatur et quo eligendi modi. Natus tempore quia est sed voluptatibus voluptas.',335,'dd2',1),(380,'et','audio',' Sunshine','1999-03-10','Randall Lueilwitz',548,'Nisi dolores quae eos aut ut quia a. Asperiores veritatis voluptas odio nihil quia quia et sint. Quaerat sed animi cupiditate commodi. Sit fugiat omnis non dicta neque et perspiciatis molestiae.',757,'tpt',2),(381,'repudiandae','audio',' Warm Sweater','1986-10-07','Prof. Vernice Fay',1488,'Error ex ut reprehenderit ut qui. Distinctio omnis autem consectetur ut voluptatem officia. Non vero eum voluptate voluptatem doloremque.',930,'xsm',3),(382,'dolorum','audio','New Times','1971-03-16','Nicklaus Jacobs',1055,'Consequatur culpa repellendus inventore. Similique pariatur et similique architecto at ea ut. Aut vel dolor vel magni est.',890,'tex',1),(383,'soluta','audio',' ForFun','1978-02-17','Rico Botsford',1327,'Dignissimos qui hic unde pariatur vitae eveniet. Unde officia ut cum ut et adipisci. Non sunt id molestiae vel. Aut voluptas sit possimus. Aut quia suscipit sunt corrupti maiores voluptate dolor voluptas.',1013,'chm',2),(384,'vel','audio','New Times','2021-01-19','Mr. Tyrel Brekke III',883,'Voluptatem sit aut ab quis accusantium ea. Et culpa quo delectus velit natus. Accusamus aspernatur quos est fugiat. Quia ea dicta vel numquam officiis cum.',839,'bmp',3),(385,'et','audio',' RedRead','1997-01-10','Prof. Jerrod Nolan',577,'Et tempora quod culpa dignissimos cupiditate. Exercitationem qui vitae vero nam aut ad sit aut. Porro facilis cumque dolorum alias eaque eligendi tempora. Quos saepe rerum necessitatibus sed sed repudiandae qui.',320,'torrent',1),(386,'magnam','audio',' Great Dad','2011-09-28','Hope Konopelski',950,'Aut illo voluptatem fuga eaque possimus. Sed non id quo iusto molestiae nisi optio. Dolorum quo iure porro ad voluptate.',906,'vxml',2),(387,'dolores','audio',' GoGoBy','2001-02-01','Thad Ritchie',1209,'Qui dolor iure officiis unde laboriosam est occaecati. Possimus aut saepe ut quis. Error quisquam qui omnis velit vitae porro. Nostrum molestias corrupti similique.',909,'doc',3),(388,'eveniet','audio',' Crazy Nuts','2020-04-01','Alexane Hansen V',752,'Cum iste culpa nisi consectetur cum vero. Eveniet illum consectetur voluptas ut. Enim amet magni et. Est recusandae sed animi ipsam accusantium. Ut hic eligendi non error.',955,'vcf',1),(389,'quia','audio',' FlayClay','1972-06-23','Litzy Hand',717,'Debitis hic ducimus unde placeat ea porro. Amet odio voluptates eius qui. Illo iste sit fuga vel quaerat.',429,'sgm',2),(390,'velit','book',' Warm Sweater','1973-05-02','Nikita Howe',580,'Quis iure autem quia dignissimos qui enim. Cum cum ut aut quo tempore.',567,'ftc',3),(391,'officia','audio',' Sunshine','1977-12-25','Ashly Lubowitz',1379,'Praesentium velit totam facilis doloremque. Et quia quis ab quam. Distinctio id libero ea reiciendis doloribus illum.',429,'xul',1),(392,'voluptas','book',' GoGoBy','1992-03-05','Emely Wilkinson',519,'Fugiat aut perferendis esse voluptatem et. Harum aut id itaque modi velit omnis. Illum magni ipsam distinctio eos. Non earum accusamus est voluptate.',257,'cfs',2),(393,'dolorem','book',' ForFun','2009-03-27','Mac Will I',1172,'Necessitatibus blanditiis impedit et qui odit voluptatem. Aut quisquam quia voluptates qui et qui. Nostrum qui esse sit qui aut ut magni.',641,'hlp',3),(394,'unde','audio',' RedRead','1985-12-15','Brady Schroeder',1325,'In ex laudantium quasi eligendi vel. Quidem dolore culpa doloremque et. Ut animi sequi quisquam enim.',426,'s',1),(395,'eos','audio','New Times','2018-09-06','Dr. Aniyah McDermott V',628,'Non fugiat sunt qui aut. Voluptate rem sint beatae placeat quae quidem odio. Ad in nam dolores ut. Qui enim odio accusantium tempora quis autem.',471,'dfac',2),(396,'ut','audio',' Greed','1984-10-17','Corrine Lowe',940,'Eum error laborum quam. In dolorem ipsum corporis omnis aut repudiandae suscipit. Vel ea voluptatem impedit illo. Sed optio iure delectus vel voluptas.',312,'x3db',3),(397,'dolor','book',' Smthg Blue','1973-03-19','Elna Doyle MD',677,'Laborum quo quia quas quidem. Assumenda vel sunt accusantium. Vero quas praesentium qui eos quo molestiae quia id.',546,'kfo',1),(398,'optio','audio',' Warm Sweater','1994-12-21','Sienna Legros',1128,'Aliquid quam sunt nesciunt dolore tempora. Nesciunt repellendus quam possimus omnis illum quasi. Consequuntur ex est perspiciatis dolores. Et quidem ullam error facilis consequuntur. Dignissimos voluptatem tenetur ipsam natus illo officiis modi.',592,'sxw',2),(399,'aliquid','audio',' RedRead','2001-03-25','Prof. Bernard Jacobi',878,'Iste rerum debitis assumenda fugit. Consectetur ab harum ad quia et totam. Veritatis dolore est veniam sequi voluptatem aut ipsam placeat.',708,'s',3),(400,'aperiam','book',' Sunshine','1982-09-04','Kelsie Donnelly',386,'Soluta earum rerum est consequatur reiciendis qui. Est saepe nulla reprehenderit qui illum molestias. Harum ab quae animi necessitatibus fugiat hic.',781,'yang',1),(401,'itaque','audio',' Fireplace','2005-12-20','Roberto Weber',1487,'Autem aut sed voluptas natus incidunt. Dolorum ut qui labore doloremque illo. Nobis hic omnis numquam hic ea. Deserunt nobis pariatur et numquam. Quod necessitatibus in provident provident aut voluptates excepturi.',673,'atom',2),(402,'ut','audio',' Fake Data','1986-10-31','Marjorie Wilkinson',893,'Dolores pariatur distinctio iste aut natus incidunt maiores. Natus error quia et rem ea et. Et sint sit tenetur non provident distinctio.',451,'uvx',3),(403,'veniam','audio',' FlayClay','2003-12-01','Dr. Johan Jacobi',827,'Officia recusandae voluptatem odio quas nulla dicta. Assumenda eos reprehenderit consequuntur ipsum sint quia ea ducimus. Aut eveniet consectetur velit eligendi.',947,'opml',1),(404,'sunt','audio',' Crazy Nuts','1993-04-13','Rodger Lakin',975,'Et recusandae quasi a quo. Et nemo rerum vero. Ea laudantium amet commodi vel eligendi. Sint rerum dolor tenetur eum.',384,'swf',2),(405,'architecto','book',' Greed','2003-09-26','Mr. Gerson Swaniawski I',1263,'Molestias est reprehenderit iusto porro et. Ut natus quia et inventore nesciunt. Neque molestias dolor voluptatem distinctio.',999,'esf',3),(406,'facere','book',' Warm Sweater','2012-06-28','Joany Stehr Sr.',882,'Illum enim aut impedit tempora voluptatibus. Animi sit ut quae impedit deserunt. Aut voluptatem eveniet non et.',352,'nml',1),(407,'itaque','book',' Crazy Nuts','2005-12-05','Vicente Champlin',1044,'Perspiciatis sit et consequatur voluptatem. Aut quas eum nihil ut tenetur nesciunt. Incidunt necessitatibus commodi iusto velit nam dolorum.',714,'n3',2),(408,'ea','audio',' Great Dad','2001-06-03','Miss Lela Kris',924,'Est optio repellendus sunt saepe ut. Et deserunt qui est corrupti tempora nobis rerum eum.',740,'lnk',3),(409,'officia','audio',' Fake Data','1972-11-26','Bailee Mante',522,'Ex debitis ea omnis eum voluptatibus eaque. Vel praesentium voluptas fugiat quas repellendus. Consequuntur cupiditate velit est quaerat non quaerat. Dolor quibusdam omnis nihil commodi.',386,'stl',1),(410,'cum','audio',' Warm Sweater','1999-12-31','Daniela Sauer',605,'Commodi placeat animi et et dignissimos aut. Ullam minus odit aut suscipit odit. Quidem autem accusamus et quia voluptatibus est quidem fugiat. Dolorem tempore dolor est veniam et.',1004,'ps',2),(411,'dolor','audio','New Times','2000-12-10','Maritza Bauch',1340,'Corrupti voluptas ut inventore iste similique. Quasi iusto aut ipsa facere sit est recusandae. Sit ut aliquam tenetur corporis laboriosam voluptas et dolor.',696,'uris',3),(412,'tempore','book',' Smthg Blue','1970-01-22','Easter Anderson',793,'Molestiae atque est quas illum omnis. Atque aliquid saepe provident inventore quis voluptates. Vel cupiditate autem ut voluptatum laborum vel.',908,'semd',1),(413,'ducimus','audio',' Greed','2017-08-24','Luna Wisoky',514,'Voluptatem qui consequuntur consequatur et rerum similique aut vel. Veritatis inventore ut pariatur sint atque.',970,'xop',2),(414,'in','audio',' Fireplace','2001-10-24','Stanford D\'Amore',563,'Consectetur in a magni. Exercitationem quasi voluptatum ut eligendi dolorem. Impedit est unde magnam autem nulla esse praesentium.',692,'mka',3),(415,'aliquam','audio',' GoGoBy','2010-07-21','Ashtyn Quitzon',493,'Earum quaerat fuga nulla sunt eius veniam. Assumenda aut qui mollitia suscipit autem eius dolore. Cumque ipsam eaque dolor consequatur ullam. Esse autem et qui.',782,'semd',1),(416,'amet','book',' RedRead','1985-04-27','Laurence Conn',1468,'Nihil quibusdam et fugit rerum iste. In sint alias ex facere ipsum. Aut veniam quod voluptatem. Ea eum quam sit aspernatur.',701,'gramps',2),(417,'suscipit','book',' JonnyTalker','1976-01-04','Royce Kris',1419,'Odio repudiandae officia minus eum saepe quaerat fugit similique. Quas sit dolorum nesciunt ab omnis aperiam vel earum. Quibusdam tempora soluta consequuntur non cum eligendi non. Eligendi voluptatem et voluptatem consequatur enim.',919,'otp',3),(418,'id','book','New Times','1991-10-02','Shawn Herman',911,'Modi consectetur dicta sit dicta ea tenetur corrupti sit. Quae sed ratione et delectus sint. Et omnis consequatur corrupti eius dolores cupiditate voluptatem labore. Eos molestias sunt excepturi mollitia non eum. Nesciunt qui quis aut quasi tempora voluptates.',798,'otc',1),(419,'dolorem','audio',' ForFun','1996-07-15','Aaliyah Jast',424,'Quae illo perspiciatis harum est iusto sequi. Corporis nihil omnis optio autem ab. Ratione aut veniam dolorum consequatur et sed. Vero numquam qui temporibus vitae mollitia aspernatur distinctio ea.',951,'ulx',2),(420,'rerum','audio',' Great Dad','1980-06-24','Marge Kemmer',1028,'Vel et ut nobis nam et. Explicabo quasi dolore doloribus laborum. Inventore omnis mollitia dolor ipsum voluptatem accusamus tempore.',498,'wtb',3),(421,'voluptas','book',' Sunshine','1977-08-23','Araceli Corwin',1160,'Est illo a debitis ea. Delectus commodi est eius rerum eum eos reprehenderit ipsa.',1002,'xfdl',1),(422,'amet','audio',' GoGoBy','2013-11-30','Aleen Runte',1151,'Dolorem unde cum consequatur eveniet perspiciatis. Enim in quam et et. Tempore aperiam quaerat rem vitae velit et.',796,'tga',2),(423,'et','book',' Crazy Nuts','1975-09-14','Dr. Jarret Vandervort Sr.',1267,'Accusantium maxime quia est officiis velit sit hic. Earum assumenda molestiae nihil voluptatem neque voluptas laudantium. Assumenda enim doloribus doloribus assumenda qui rerum. Hic repellendus sed ab molestiae quo et quos.',427,'itp',3),(424,'deleniti','audio',' Fireplace','1988-02-05','Dayana Hansen',589,'Expedita quis autem iusto quia. Dolore aut dolore possimus. Ratione blanditiis rerum maiores voluptas officia dolores quo.',1014,'rif',1),(425,'non','book',' Great Dad','2005-05-06','Darryl Hills',1171,'Asperiores voluptatem velit nisi eum dolorum provident. Natus natus quia in maiores. Sunt est consequatur dolorum corporis quibusdam.',543,'mxu',2),(426,'repellat','audio',' Greed','1985-07-20','Carlo Trantow',341,'Enim numquam vel ducimus quidem architecto facere. Natus qui quas autem ipsa aut sequi. Voluptatibus dolores est soluta cupiditate et.',701,'lbe',3),(427,'fugiat','audio','New Times','2011-04-25','Verlie O\'Keefe V',1079,'Amet nihil optio quos aspernatur sit est repudiandae architecto. Aliquam explicabo ut explicabo ad eius ex perferendis. Praesentium ex veritatis odit et aliquid sed. Minus dolores quia commodi qui pariatur quae asperiores.',522,'sm',1),(428,'minima','audio',' Sunshine','1971-12-17','Ms. Vida Willms I',717,'Et ea beatae at sint numquam qui adipisci porro. Nemo ea aperiam aut possimus amet delectus repellendus dolores. Qui mollitia tenetur deserunt veritatis fuga. Facere et vel non ea ducimus.',610,'nbp',2),(429,'tenetur','book',' Warm Sweater','2006-04-23','Noemie Greenholt DVM',773,'Odio quo molestias nesciunt quis. Sunt quod est exercitationem. Id esse quam in. Dolor enim dolores itaque porro nesciunt et.',335,'7z',3),(430,'laudantium','audio','New Times','1980-03-23','Ms. Hope Fisher',1091,'Praesentium adipisci vitae tempore sapiente aut pariatur sapiente. Illo quia maxime saepe aliquam perspiciatis et a labore. Eum error eos est sed et.',453,'application',1),(431,'nemo','book',' Only Losers','1985-07-13','Dr. Gay Farrell',533,'Harum praesentium facilis nulla ea id. Et rerum natus vel maiores nisi voluptatem. Molestiae id sapiente magnam consequatur ab et.',685,'install',2),(432,'expedita','book',' RedRead','1998-07-10','Sidney Schuppe',191,'Corrupti optio quia fuga itaque aut. Quos et hic quia sed id nam. Ea fuga consequatur facere esse ea.',267,'ksp',3),(433,'porro','book',' RedRead','1993-12-29','Wava Klein',1457,'Cum rem consequatur dolor numquam molestiae voluptas amet sed. Nihil aperiam temporibus tenetur assumenda voluptas. Vero nihil et fuga et eligendi nulla.',396,'odm',1),(434,'vel','audio','New Times','1972-03-07','Edgar Nicolas',628,'Impedit hic ut non nesciunt. Et soluta repellat et odio nostrum iste consequatur. Blanditiis corporis aut quas provident et ut. Inventore sit voluptatem cupiditate nostrum molestias autem.',715,'sfv',2),(435,'dolore','book',' Only Losers','2015-03-02','Jennings Gerlach',1286,'Voluptas magni quisquam rerum harum quibusdam vel non. Sunt accusamus ipsam quia voluptatem. Dolores quibusdam et non consequatur magni tempore expedita. Et perspiciatis occaecati accusantium quia et eum.',479,'fpx',3),(436,'ut','book','New Times','1998-06-23','Emerson Bode DDS',833,'Repellendus mollitia aut nulla fuga voluptas nihil. Quaerat esse incidunt dolorum provident blanditiis eaque. Est corporis voluptatem rerum. Voluptatibus dolores nostrum temporibus iure.',931,'mka',1),(437,'distinctio','audio',' Smthg Blue','1974-03-15','Marcos Towne',905,'Vitae quibusdam ut voluptatem enim non excepturi ullam. Rerum ipsa velit omnis. Mollitia voluptatum est autem illo fuga non.',317,'ez2',2),(438,'et','audio',' RedRead','2005-01-04','Ruby Collier',300,'Perspiciatis molestias excepturi et aliquid et corporis quis. Dolores iusto ipsum fugiat sit totam sit. Repellat magnam occaecati sint. Quia veniam molestiae unde ea odit facilis.',351,'xo',3),(439,'omnis','book',' Sunshine','2008-05-05','Terrance Schinner V',217,'Ratione et delectus quisquam quaerat nihil. Est neque aperiam aperiam vel. Tenetur qui incidunt qui placeat reprehenderit perspiciatis. Cum illo aliquid omnis sapiente eius qui.',295,'rmvb',1),(440,'est','audio',' Sunshine','1987-01-01','Lauriane Kreiger',190,'Eligendi distinctio recusandae aperiam recusandae omnis iste. Dolorum et et velit quos facilis adipisci quaerat qui.',334,'rmvb',2),(441,'recusandae','book',' Crazy Nuts','1990-11-26','Titus Mann',1381,'Sit molestiae ad illum repellat officiis voluptatum optio. Cum nulla quia nisi magnam culpa commodi sit tenetur. Iure aut blanditiis qui aut sunt doloremque inventore quidem. Quasi harum fugiat sed et.',956,'xfdf',3),(442,'deleniti','audio',' Greed','1987-09-25','Lisa Gorczany',1420,'Minima in nihil vel aut quia. Nihil laboriosam sed excepturi deleniti praesentium ex sit qui. Unde et aspernatur distinctio harum. Sapiente ratione et voluptas molestiae nihil est.',866,'otc',1),(443,'illum','book',' Fake Data','1987-05-26','Israel Okuneva',1139,'Tempore ullam vitae ratione voluptatem libero qui cupiditate. Officia et numquam vel aut expedita tempora aut praesentium. Saepe quis numquam fugiat omnis minima. Modi aut ratione quis voluptas laboriosam similique.',746,'pfb',2),(444,'provident','audio','New Times','2013-04-18','Tremayne Kohler V',577,'Est nulla et autem quod asperiores. Dolorum voluptatibus quis et non placeat nostrum nihil. Et nemo enim qui sint quidem error enim.',442,'dotm',3),(445,'ea','book','New Times','1998-12-03','Stan Ullrich',1278,'Repellendus molestiae consequuntur quia rem hic sit iure. Animi ratione illum ducimus alias deleniti voluptatum. Iusto eveniet sint deleniti sint cupiditate consequatur adipisci.',262,'sxw',1),(446,'enim','audio',' ForFun','1989-06-29','Weston Funk',315,'Suscipit enim molestiae error voluptatem amet ipsa. Nisi reiciendis inventore assumenda repudiandae sed nostrum velit. Reiciendis autem et occaecati iure qui laboriosam quia qui. Fuga sed quod id id neque omnis et.',292,'xdp',2),(447,'tempora','book',' Warm Sweater','1979-02-27','Mr. Nikko Wisoky',1153,'Sit voluptatibus repudiandae officia maxime similique beatae. Voluptas ab fugit fugiat aliquam.',590,'nml',3),(448,'unde','audio',' White Flag','1993-10-13','Mrs. Hertha McDermott I',1260,'Sit soluta provident aspernatur repellendus molestiae. Pariatur nulla ut officiis et quae. Sed enim adipisci ducimus officiis exercitationem laudantium id sit. Sunt repellendus velit voluptatem soluta magnam ut consequatur. Harum consequatur iste corrupti reprehenderit odio doloremque delectus magni.',305,'sgi',1),(449,'sed','audio',' Great Dad','2016-10-20','Jabari Howe',466,'Molestias tenetur ab et quam tempora tenetur consectetur. Doloremque placeat voluptates maxime atque. Labore at accusantium explicabo omnis quos voluptatibus. Ipsum illo non asperiores dolore.',263,'odt',2),(450,'aspernatur','book',' Smthg Blue','2002-03-12','Mr. Bartholome Christiansen Sr.',1400,'Sit ut reiciendis omnis et. Nulla et ea dicta voluptas doloremque maiores. Maiores ullam quia animi.',512,'mxs',3),(451,'consequatur','book',' Warm Sweater','1978-01-11','Theresia Beer III',339,'Asperiores nisi illum quisquam consequatur nihil error et. Mollitia repellendus est labore sit magni est hic totam. Similique harum sunt vero facere. Soluta et earum dolores.',992,'3ds',1),(452,'omnis','book',' Greed','2012-04-28','Dawn Trantow',432,'Odio ut nihil autem vitae. Sed vel soluta qui beatae distinctio possimus. Expedita atque nesciunt quia molestias odit recusandae. Voluptate aliquam nobis quia illum molestiae nulla.',625,'tex',2),(453,'odio','book',' White Flag','1981-04-26','Prof. Elody Little',750,'Eveniet quo maxime dolor. Officiis sit quia aperiam voluptatem corrupti. Vel laudantium et nam qui atque autem adipisci.',705,'qxd',3),(454,'asperiores','audio',' Fireplace','2005-06-07','Mrs. Erika Reynolds',782,'Enim ut sit laboriosam illum quibusdam neque consectetur. Nostrum voluptate non vero est. Dolores voluptatem ut suscipit et laboriosam repudiandae.',543,'xps',1),(455,'laborum','book',' Fireplace','1972-04-12','Kameron Bednar',858,'Maiores accusamus magnam quasi libero fugit illo. Eum deserunt est eum pariatur. Eius qui rerum et doloribus. Est sint sint sit dignissimos voluptas sit qui.',527,'t3',2),(456,'sed','audio',' JonnyTalker','2010-07-10','Caitlyn Beahan',360,'Beatae velit fugiat deserunt aspernatur ut repellendus inventore. Officia at et et provident. Vero iste nisi ut eius dolorum omnis pariatur. Quod odit repudiandae necessitatibus expedita et.',471,'xwd',3),(457,'rerum','audio',' Only Losers','1977-02-17','Dr. Lazaro McCullough Sr.',223,'Deserunt placeat repudiandae qui laboriosam eligendi autem. Nemo non optio qui hic aliquid repellat. Incidunt vel fuga temporibus est nostrum sit nihil quasi.',695,'fpx',1),(458,'soluta','audio',' FlayClay','1972-08-31','Taylor Fay',1065,'Quod quam quia voluptatibus qui. Consectetur ab explicabo ipsum.',449,'dpg',2),(459,'voluptas','audio',' Fake Data','1972-05-07','Jaqueline Crona',995,'Facere ut repellendus aperiam maxime et aut voluptatem. Est provident omnis impedit sint hic. Blanditiis quo quam quo enim rerum.',863,'oth',3),(460,'earum','book',' Only Losers','2017-08-13','Mr. Juwan Mitchell',740,'Fugit odio sed modi maiores velit nostrum. Voluptas aliquam sit vero omnis natus non quo est. Consequatur expedita aut consequuntur eum maiores.',592,'nsc',1),(461,'soluta','audio',' GoGoBy','1997-11-28','Eulah Beier',822,'Voluptatem voluptas quas itaque vero sunt omnis. Nostrum aut quis perferendis ipsam sed. Et qui ut ut. Necessitatibus laudantium et quos voluptatem et. Magni sit quo deleniti blanditiis corporis.',710,'ptid',2),(462,'quasi','audio','New Times','1996-11-20','Jany Rowe PhD',495,'Harum enim aspernatur tempora illo dolor facere. Illum non eius maxime aut. Quod veritatis voluptatem expedita et non. Tempore aspernatur aut est et ab autem.',664,'sm',3),(463,'illum','audio',' RedRead','1988-03-13','Maegan Yundt V',613,'Similique quod itaque blanditiis nulla eaque voluptate. Ut beatae esse aut voluptatem repudiandae. Quae delectus et sit ullam beatae qui. Sint perferendis et officia vero hic ab.',557,'uvvh',1),(464,'eum','audio',' Greed','1989-01-20','Noble Bechtelar',405,'Tenetur consectetur molestias et dicta ut. Tenetur doloribus temporibus vel et quasi ut sint.',659,'cfs',2),(465,'a','audio',' GoGoBy','1978-10-26','Audrey Powlowski',1277,'Non dolorem eveniet modi voluptatem ea. Officia tempora odit ex ea corporis dolor.',629,'jpgv',3),(466,'rem','book',' Crazy Nuts','1975-02-21','Prof. Vivian Legros III',864,'Reprehenderit laborum in ratione laudantium error omnis et. Odio excepturi tempore facilis sed et.',494,'obj',1),(467,'corporis','audio',' Only Losers','2015-04-19','Cora Adams IV',1410,'Magni sint rerum nostrum vero numquam repudiandae. Cumque sed voluptas corrupti totam. Ea in totam molestias quos. Et sit ipsa ut commodi quam.',916,'msi',2),(468,'in','book',' RedRead','1981-12-25','Dr. Chandler Jacobson',295,'Corporis similique sunt adipisci quidem. Debitis aliquid ea iusto quam quos. Officia cumque numquam perspiciatis ullam ea.',961,'spl',3),(469,'hic','book',' FlayClay','2002-05-13','Dana Pagac',291,'Eos rerum consectetur blanditiis maxime dolorum qui nisi sit. Eveniet pariatur animi modi possimus qui non labore. Modi velit incidunt impedit consequuntur ad excepturi.',986,'stw',1),(470,'et','book',' White Flag','2015-07-11','Dr. Katelin Rutherford',901,'Incidunt doloribus sit occaecati eos sit adipisci nam. Qui eligendi reiciendis repellat temporibus non. Similique porro architecto consequatur molestiae. Est deleniti suscipit qui ut eveniet enim et.',725,'webm',2),(471,'corporis','audio',' Greed','2001-06-27','Eleazar Gottlieb',723,'Possimus amet recusandae voluptatum est laudantium voluptatibus alias. Veritatis mollitia aut omnis labore illo nostrum. Unde aut sit fugit ratione quam quis perferendis.',928,'ipk',3),(472,'ducimus','audio',' RedRead','1990-12-26','Mr. Orland Greenfelder',1484,'Deleniti mollitia eos eaque sit quam quae officia. Fuga impedit laboriosam ipsa ducimus cum sed eum. Nostrum quis ipsa totam eveniet cupiditate pariatur sit aliquid. Labore sit perspiciatis vel tempora tempora eos numquam. Qui magni sequi commodi sunt eaque.',821,'wmz',1),(473,'eveniet','audio',' Fireplace','1984-01-28','Dr. Lafayette Cruickshank',1094,'Est in quas voluptatem rerum ut itaque. Dignissimos earum illo repellendus qui. Quibusdam quia occaecati commodi est. Saepe debitis nesciunt optio consequuntur voluptatem iusto.',1020,'flac',2),(474,'eius','audio',' Fireplace','2021-10-24','Harrison Pacocha DVM',1324,'Ea maiores fuga perferendis nam dolores recusandae. Et voluptas voluptate molestias cum voluptatem quam. Omnis nobis veritatis vel inventore necessitatibus quia. Laboriosam accusamus modi tempore molestiae est.',741,'odg',3),(475,'repellendus','audio',' GoGoBy','1994-06-20','Danika Schoen',1190,'Cupiditate ex nesciunt officiis illo a est. Error cumque consequatur enim facere. Aut debitis nemo rerum consectetur harum non. Rem iusto nostrum ab quasi itaque non suscipit.',377,'jar',1),(476,'itaque','book',' Only Losers','1999-11-06','Jeanne O\'Kon',539,'Nisi tempore molestias est est. Ipsum ea nemo ipsam quibusdam. Facere quia saepe natus aut est. Est quis ipsum in natus. Ab et architecto odio dignissimos.',422,'pgp',2),(477,'deserunt','audio',' Warm Sweater','2015-05-16','Ms. Marlene Hegmann',889,'Omnis qui nulla quia est. Ducimus mollitia explicabo maiores vel quaerat aspernatur totam numquam. Accusamus reiciendis illum incidunt ab porro officia laudantium ut.',762,'webm',3),(478,'quos','audio',' Smthg Blue','1976-04-14','Dr. Roxane Haag',1437,'Repudiandae omnis enim minus aut excepturi qui dolores velit. Dolor ullam soluta non est. Inventore explicabo animi omnis dolorem officiis labore.',918,'ods',1),(479,'eius','book',' Greed','2014-06-15','Elliot Marks',1265,'Qui aliquid praesentium autem quia facilis et. Minima sit ut in eum consequatur. Accusamus quaerat ea eius velit illo ullam ad harum.',1002,'msf',2),(480,'doloremque','book',' ForFun','1972-08-17','Conner Marks III',393,'Optio beatae rerum possimus esse. Aut reiciendis animi autem corporis fugiat sit. Suscipit molestias velit et. Facilis quis ipsa est consequuntur sint quis vel odio. Dolores a provident dignissimos mollitia deleniti.',660,'xdp',3),(481,'harum','book',' Smthg Blue','1975-09-16','Ezequiel Metz',1013,'Ut enim molestiae aspernatur veritatis est. Laborum et dolores et in consequatur. Et sint veritatis quod et.',770,'der',1),(482,'qui','book',' Warm Sweater','2004-08-26','Zoie Hettinger',1078,'Minima quidem aliquid placeat minus fuga officiis sed aspernatur. Commodi eveniet eum debitis itaque. Minima sed qui autem distinctio molestias optio.',389,'xslt',2),(483,'temporibus','audio',' Smthg Blue','1986-12-14','Clyde Haley',302,'Sint ut quibusdam enim. Aut illo possimus qui eaque placeat. Tempore harum esse nemo pariatur consequatur iste ea rerum. Id esse ipsum doloremque enim inventore ab.',1011,'cryptonote',3),(484,'fugit','book',' Sunshine','1991-08-28','Eula Schmitt',1113,'Quam velit voluptas velit quasi est consequatur. Aut id laborum enim rerum rem nihil.',594,'texinfo',1),(485,'quam','book',' ForFun','1979-01-22','Cletus Reichert',478,'Porro iure veritatis laboriosam ab. Voluptas voluptas quia delectus quas amet. Modi vel animi reiciendis.',690,'fbs',2),(486,'cupiditate','audio',' JonnyTalker','1992-05-16','Jalon Hackett',1426,'Eveniet est in nostrum a natus sint. Ut molestiae atque beatae quo quo nostrum. Voluptates harum sint aut est earum. Nobis explicabo ex suscipit totam. Tenetur molestias voluptatem et ab similique qui.',393,'mxu',3),(487,'aspernatur','book',' Greed','1975-01-07','Miss Luna Zemlak',388,'Cupiditate sit magnam omnis exercitationem. Enim qui vel saepe enim.',810,'npx',1),(488,'adipisci','book',' Only Losers','1996-02-04','Prof. Garry Hermann',1481,'Vero quo laborum magni laboriosam voluptas. Qui assumenda pariatur sit eum ipsa. Numquam deserunt quia rerum totam. Ea et quae necessitatibus similique error ullam.',777,'mie',2),(489,'est','book',' Great Dad','2001-01-10','Ransom Goodwin',823,'Eum et impedit est sed consequatur possimus. Nobis est possimus eum impedit. Excepturi consequatur voluptatibus ipsum totam et asperiores.',626,'xltx',3),(490,'molestiae','book',' Smthg Blue','1975-09-18','Dr. Christian Mayer',1248,'Aut explicabo veniam dolorem nihil est qui iusto. Sunt vel placeat voluptatem facilis beatae. Aut vero illum vel assumenda soluta ea ipsam.',669,'xlam',1),(491,'quia','book',' Fireplace','1999-12-08','Ima Leuschke',761,'Voluptates temporibus quo ratione eos. Ea eligendi id esse totam inventore consequatur. Exercitationem tempore minus et dolorem rerum.',811,'odft',2),(492,'fuga','book',' Crazy Nuts','1973-06-05','Leopoldo Thompson',1003,'Quasi consequatur quia pariatur soluta aut. Nulla quia alias earum odit voluptate voluptas error. Iusto quas consequatur odit et dolorem enim ut. Esse molestias eum aperiam numquam.',901,'flx',3),(493,'iure','book','New Times','2016-12-25','Abdullah Adams PhD',173,'Et nihil consectetur blanditiis maxime dolorem inventore voluptas. Illo cupiditate maiores dignissimos quo. Corporis eum sed suscipit ea laboriosam voluptatem explicabo. Consequatur dolorem veritatis enim sit est.',590,'tao',1),(494,'qui','book',' FlayClay','1998-07-29','Mr. Sim Hickle',1196,'Error et inventore ut incidunt praesentium occaecati. Laudantium corporis provident ipsa.',416,'vcard',2),(495,'magni','book',' Great Dad','1996-05-21','Harvey Dicki',1146,'Perspiciatis expedita ab rerum vel ut iure. Et incidunt veritatis corporis sequi. Doloremque et et ex. Sequi aliquid veniam ipsum modi.',964,'stf',3),(496,'natus','book',' Great Dad','1989-09-13','Kassandra Grant',353,'Nesciunt nobis consequatur atque. Sed voluptatum et nam blanditiis provident error. Aut qui enim similique.',594,'sgml',1),(497,'magni','book',' Great Dad','2020-11-09','Tianna Gutkowski',599,'Culpa illo nisi sit ut ipsum. Ratione neque et beatae numquam sit quis ipsa cumque. Molestias ut ex et molestiae assumenda aliquam. Et ipsam reprehenderit assumenda quaerat minima maiores. Et eligendi omnis dignissimos excepturi maiores.',887,'rif',2),(498,'eos','audio',' Greed','1988-12-12','Prof. Payton Kovacek II',1352,'Qui quidem mollitia error voluptates est pariatur. Assumenda atque ut ut tempore atque ea molestiae.',950,'bz',3),(499,'qui','book',' Crazy Nuts','1995-10-07','Filiberto Rodriguez',1234,'Et ut totam aut perferendis velit et. Aut blanditiis illo velit velit sunt. Omnis et sint at incidunt ut. Omnis esse ut quia nostrum minima quae repellendus sint.',532,'jsonml',1),(500,'ullam','audio',' Crazy Nuts','1979-09-23','Prof. Kylee Sauer I',487,'Tempora omnis sint perferendis enim dolorem. Itaque sunt excepturi dolores possimus aperiam doloribus qui ipsum. Et incidunt sapiente ut quis. Veniam fugiat sit ut aut.',738,'wmv',2);

-- корректирую данные, чтобы у аудиокниг была только премиум подписка
UPDATE books 
	SET 
		page_number = NULL 
	WHERE 
		`type` = 'audio';
UPDATE books 
	SET 
		subscription_id = 3 
	WHERE 
		`type` = 'audio';
	
-- таблица для связи авторов и книг, у автора может быть много книг и у книги может быть несколько авторов

DROP TABLE IF EXISTS books_authors;
CREATE TABLE books_authors (
	book_id BIGINT UNSIGNED NOT NULL,
	author_id BIGINT UNSIGNED NOT NULL,
	INDEX (book_id),
	INDEX (author_id),
	PRIMARY KEY (book_id, author_id),
	FOREIGN KEY (book_id) REFERENCES books(id) ON UPDATE CASCADE ON DELETE CASCADE,
	FOREIGN KEY (author_id) REFERENCES authors(id) ON UPDATE CASCADE ON DELETE CASCADE
);

INSERT INTO `books_authors` VALUES (1,1),(1,101),(2,2),(2,102),(3,3),(3,103),(4,4),(4,104),(5,5),(5,105),(6,6),(6,106),(7,7),(7,107),(8,8),(8,108),(9,9),(9,109),(10,10),(10,110),(11,11),(11,111),(12,12),(12,112),(13,13),(13,113),(14,14),(14,114),(15,15),(15,115),(16,16),(16,116),(17,17),(17,117),(18,18),(18,118),(19,19),(19,119),(20,20),(20,120),(21,21),(21,121),(22,22),(22,122),(23,23),(23,123),(24,24),(24,124),(25,25),(25,125),(26,26),(26,126),(27,27),(27,127),(28,28),(28,128),(29,29),(29,129),(30,30),(30,130),(31,31),(31,131),(32,32),(32,132),(33,33),(33,133),(34,34),(34,134),(35,35),(35,135),(36,36),(36,136),(37,37),(37,137),(38,38),(38,138),(39,39),(39,139),(40,40),(40,140),(41,41),(41,141),(42,42),(42,142),(43,43),(43,143),(44,44),(44,144),(45,45),(45,145),(46,46),(46,146),(47,47),(47,147),(48,48),(48,148),(49,49),(49,149),(50,50),(50,150),(51,51),(51,151),(52,52),(52,152),(53,53),(53,153),(54,54),(54,154),(55,55),(55,155),(56,56),(56,156),(57,57),(57,157),(58,58),(58,158),(59,59),(59,159),(60,60),(60,160),(61,61),(61,161),(62,62),(62,162),(63,63),(63,163),(64,64),(64,164),(65,65),(65,165),(66,66),(66,166),(67,67),(67,167),(68,68),(68,168),(69,69),(69,169),(70,70),(70,170),(71,71),(71,171),(72,72),(72,172),(73,73),(73,173),(74,74),(74,174),(75,75),(75,175),(76,76),(76,176),(77,77),(77,177),(78,78),(78,178),(79,79),(79,179),(80,80),(80,180),(81,81),(81,181),(82,82),(82,182),(83,83),(83,183),(84,84),(84,184),(85,85),(85,185),(86,86),(86,186),(87,87),(87,187),(88,88),(88,188),(89,89),(89,189),(90,90),(90,190),(91,91),(91,191),(92,92),(92,192),(93,93),(93,193),(94,94),(94,194),(95,95),(95,195),(96,96),(96,196),(97,97),(97,197),(98,98),(98,198),(99,99),(99,199),(100,100),(100,200),(101,1),(101,101),(102,2),(102,102),(103,3),(103,103),(104,4),(104,104),(105,5),(105,105),(106,6),(106,106),(107,7),(107,107),(108,8),(108,108),(109,9),(109,109),(110,10),(110,110),(111,11),(111,111),(112,12),(112,112),(113,13),(113,113),(114,14),(114,114),(115,15),(115,115),(116,16),(116,116),(117,17),(117,117),(118,18),(118,118),(119,19),(119,119),(120,20),(120,120),(121,21),(121,121),(122,22),(122,122),(123,23),(123,123),(124,24),(124,124),(125,25),(125,125),(126,26),(126,126),(127,27),(127,127),(128,28),(128,128),(129,29),(129,129),(130,30),(130,130),(131,31),(131,131),(132,32),(132,132),(133,33),(133,133),(134,34),(134,134),(135,35),(135,135),(136,36),(136,136),(137,37),(137,137),(138,38),(138,138),(139,39),(139,139),(140,40),(140,140),(141,41),(141,141),(142,42),(142,142),(143,43),(143,143),(144,44),(144,144),(145,45),(145,145),(146,46),(146,146),(147,47),(147,147),(148,48),(148,148),(149,49),(149,149),(150,50),(150,150),(151,51),(151,151),(152,52),(152,152),(153,53),(153,153),(154,54),(154,154),(155,55),(155,155),(156,56),(156,156),(157,57),(157,157),(158,58),(158,158),(159,59),(159,159),(160,60),(160,160),(161,61),(161,161),(162,62),(162,162),(163,63),(163,163),(164,64),(164,164),(165,65),(165,165),(166,66),(166,166),(167,67),(167,167),(168,68),(168,168),(169,69),(169,169),(170,70),(170,170),(171,71),(171,171),(172,72),(172,172),(173,73),(173,173),(174,74),(174,174),(175,75),(175,175),(176,76),(176,176),(177,77),(177,177),(178,78),(178,178),(179,79),(179,179),(180,80),(180,180),(181,81),(181,181),(182,82),(182,182),(183,83),(183,183),(184,84),(184,184),(185,85),(185,185),(186,86),(186,186),(187,87),(187,187),(188,88),(188,188),(189,89),(189,189),(190,90),(190,190),(191,91),(191,191),(192,92),(192,192),(193,93),(193,193),(194,94),(194,194),(195,95),(195,195),(196,96),(196,196),(197,97),(197,197),(198,98),(198,198),(199,99),(199,199),(200,100),(200,200),(201,1),(202,2),(203,3),(204,4),(205,5),(206,6),(207,7),(208,8),(209,9),(210,10),(211,11),(212,12),(213,13),(214,14),(215,15),(216,16),(217,17),(218,18),(219,19),(220,20),(221,21),(222,22),(223,23),(224,24),(225,25),(226,26),(227,27),(228,28),(229,29),(230,30),(231,31),(232,32),(233,33),(234,34),(235,35),(236,36),(237,37),(238,38),(239,39),(240,40),(241,41),(242,42),(243,43),(244,44),(245,45),(246,46),(247,47),(248,48),(249,49),(250,50),(251,51),(252,52),(253,53),(254,54),(255,55),(256,56),(257,57),(258,58),(259,59),(260,60),(261,61),(262,62),(263,63),(264,64),(265,65),(266,66),(267,67),(268,68),(269,69),(270,70),(271,71),(272,72),(273,73),(274,74),(275,75),(276,76),(277,77),(278,78),(279,79),(280,80),(281,81),(282,82),(283,83),(284,84),(285,85),(286,86),(287,87),(288,88),(289,89),(290,90),(291,91),(292,92),(293,93),(294,94),(295,95),(296,96),(297,97),(298,98),(299,99),(300,100),(301,101),(302,102),(303,103),(304,104),(305,105),(306,106),(307,107),(308,108),(309,109),(310,110),(311,111),(312,112),(313,113),(314,114),(315,115),(316,116),(317,117),(318,118),(319,119),(320,120),(321,121),(322,122),(323,123),(324,124),(325,125),(326,126),(327,127),(328,128),(329,129),(330,130),(331,131),(332,132),(333,133),(334,134),(335,135),(336,136),(337,137),(338,138),(339,139),(340,140),(341,141),(342,142),(343,143),(344,144),(345,145),(346,146),(347,147),(348,148),(349,149),(350,150),(351,151),(352,152),(353,153),(354,154),(355,155),(356,156),(357,157),(358,158),(359,159),(360,160),(361,161),(362,162),(363,163),(364,164),(365,165),(366,166),(367,167),(368,168),(369,169),(370,170),(371,171),(372,172),(373,173),(374,174),(375,175),(376,176),(377,177),(378,178),(379,179),(380,180),(381,181),(382,182),(383,183),(384,184),(385,185),(386,186),(387,187),(388,188),(389,189),(390,190),(391,191),(392,192),(393,193),(394,194),(395,195),(396,196),(397,197),(398,198),(399,199),(400,200),(401,1),(402,2),(403,3),(404,4),(405,5),(406,6),(407,7),(408,8),(409,9),(410,10),(411,11),(412,12),(413,13),(414,14),(415,15),(416,16),(417,17),(418,18),(419,19),(420,20),(421,21),(422,22),(423,23),(424,24),(425,25),(426,26),(427,27),(428,28),(429,29),(430,30),(431,31),(432,32),(433,33),(434,34),(435,35),(436,36),(437,37),(438,38),(439,39),(440,40),(441,41),(442,42),(443,43),(444,44),(445,45),(446,46),(447,47),(448,48),(449,49),(450,50),(451,51),(452,52),(453,53),(454,54),(455,55),(456,56),(457,57),(458,58),(459,59),(460,60),(461,61),(462,62),(463,63),(464,64),(465,65),(466,66),(467,67),(468,68),(469,69),(470,70),(471,71),(472,72),(473,73),(474,74),(475,75),(476,76),(477,77),(478,78),(479,79),(480,80),(481,81),(482,82),(483,83),(484,84),(485,85),(486,86),(487,87),(488,88),(489,89),(490,90),(491,91),(492,92),(493,93),(494,94),(495,95),(496,96),(497,97),(498,98),(499,99),(500,100);


-- книги пользователей

DROP TABLE IF EXISTS user_books;
CREATE TABLE user_books (
	user_id BIGINT UNSIGNED NOT NULL,
	book_id BIGINT UNSIGNED NOT NULL,
	status ENUM ('unread', 'in_progress', 'finished'),
	is_deleted BIT(1) DEFAULT b'0', -- если пользователь удаляет книгу с полки, поле получает значение "1"
	INDEX (user_id), 
	INDEX (book_id),
	PRIMARY KEY (user_id, book_id),
	FOREIGN KEY (user_id) REFERENCES users(id) ON UPDATE CASCADE ON DELETE CASCADE,
	FOREIGN KEY (book_id) REFERENCES books(id) ON UPDATE CASCADE ON DELETE CASCADE
);

INSERT INTO `user_books` VALUES (1,1,'finished','\0'),(1,101,'finished',''),(1,201,'finished',''),(1,301,'unread','\0'),(1,401,'unread','\0'),(2,2,'in_progress',''),(2,102,'finished','\0'),(2,202,'in_progress',''),(2,302,'finished','\0'),(2,402,'finished',''),(3,3,'in_progress','\0'),(3,103,'in_progress','\0'),(3,203,'unread','\0'),(3,303,'in_progress',''),(3,403,'unread',''),(4,4,'in_progress',''),(4,104,'in_progress','\0'),(4,204,'unread','\0'),(4,304,'in_progress',''),(4,404,'unread','\0'),(5,5,'in_progress',''),(5,105,'unread',''),(5,205,'finished',''),(5,305,'finished',''),(5,405,'in_progress','\0'),(6,6,'finished','\0'),(6,106,'in_progress','\0'),(6,206,'unread','\0'),(6,306,'unread',''),(6,406,'finished','\0'),(7,7,'finished',''),(7,107,'in_progress','\0'),(7,207,'in_progress','\0'),(7,307,'finished','\0'),(7,407,'unread',''),(8,8,'finished',''),(8,108,'unread','\0'),(8,208,'in_progress',''),(8,308,'finished','\0'),(8,408,'finished',''),(9,9,'unread','\0'),(9,109,'unread','\0'),(9,209,'in_progress','\0'),(9,309,'unread','\0'),(9,409,'finished','\0'),(10,10,'finished','\0'),(10,110,'unread','\0'),(10,210,'unread','\0'),(10,310,'finished',''),(10,410,'in_progress',''),(11,11,'finished','\0'),(11,111,'finished','\0'),(11,211,'unread',''),(11,311,'in_progress',''),(11,411,'finished',''),(12,12,'in_progress','\0'),(12,112,'unread',''),(12,212,'unread',''),(12,312,'unread','\0'),(12,412,'unread','\0'),(13,13,'unread','\0'),(13,113,'finished',''),(13,213,'unread','\0'),(13,313,'finished',''),(13,413,'finished','\0'),(14,14,'unread','\0'),(14,114,'in_progress',''),(14,214,'in_progress',''),(14,314,'finished',''),(14,414,'finished',''),(15,15,'in_progress','\0'),(15,115,'finished',''),(15,215,'in_progress','\0'),(15,315,'unread','\0'),(15,415,'unread','\0'),(16,16,'in_progress',''),(16,116,'finished','\0'),(16,216,'in_progress','\0'),(16,316,'unread','\0'),(16,416,'unread',''),(17,17,'in_progress','\0'),(17,117,'unread','\0'),(17,217,'unread',''),(17,317,'in_progress',''),(17,417,'unread','\0'),(18,18,'unread',''),(18,118,'in_progress','\0'),(18,218,'finished','\0'),(18,318,'in_progress',''),(18,418,'unread',''),(19,19,'unread','\0'),(19,119,'finished','\0'),(19,219,'finished',''),(19,319,'finished',''),(19,419,'finished',''),(20,20,'finished','\0'),(20,120,'in_progress','\0'),(20,220,'finished','\0'),(20,320,'in_progress',''),(20,420,'in_progress',''),(21,21,'in_progress','\0'),(21,121,'unread',''),(21,221,'unread',''),(21,321,'in_progress',''),(21,421,'finished',''),(22,22,'finished',''),(22,122,'finished',''),(22,222,'unread','\0'),(22,322,'finished',''),(22,422,'unread','\0'),(23,23,'in_progress','\0'),(23,123,'unread',''),(23,223,'in_progress',''),(23,323,'unread','\0'),(23,423,'unread','\0'),(24,24,'unread','\0'),(24,124,'unread','\0'),(24,224,'unread','\0'),(24,324,'in_progress','\0'),(24,424,'in_progress',''),(25,25,'unread',''),(25,125,'unread','\0'),(25,225,'in_progress','\0'),(25,325,'in_progress',''),(25,425,'unread',''),(26,26,'in_progress',''),(26,126,'in_progress',''),(26,226,'unread',''),(26,326,'unread','\0'),(26,426,'unread',''),(27,27,'finished',''),(27,127,'finished',''),(27,227,'unread','\0'),(27,327,'finished','\0'),(27,427,'unread',''),(28,28,'finished',''),(28,128,'finished','\0'),(28,228,'in_progress',''),(28,328,'unread',''),(28,428,'finished',''),(29,29,'unread',''),(29,129,'unread','\0'),(29,229,'finished','\0'),(29,329,'finished','\0'),(29,429,'unread',''),(30,30,'in_progress',''),(30,130,'unread',''),(30,230,'unread',''),(30,330,'finished',''),(30,430,'in_progress',''),(31,31,'unread','\0'),(31,131,'unread','\0'),(31,231,'unread','\0'),(31,331,'unread','\0'),(31,431,'in_progress',''),(32,32,'finished','\0'),(32,132,'finished','\0'),(32,232,'unread',''),(32,332,'finished',''),(32,432,'in_progress','\0'),(33,33,'finished',''),(33,133,'in_progress','\0'),(33,233,'finished',''),(33,333,'finished',''),(33,433,'unread',''),(34,34,'unread',''),(34,134,'unread','\0'),(34,234,'in_progress',''),(34,334,'unread',''),(34,434,'finished',''),(35,35,'unread',''),(35,135,'finished','\0'),(35,235,'finished',''),(35,335,'in_progress','\0'),(35,435,'finished','\0'),(36,36,'in_progress',''),(36,136,'in_progress','\0'),(36,236,'unread',''),(36,336,'unread',''),(36,436,'finished',''),(37,37,'finished',''),(37,137,'in_progress','\0'),(37,237,'finished',''),(37,337,'unread',''),(37,437,'unread','\0'),(38,38,'unread',''),(38,138,'finished','\0'),(38,238,'unread','\0'),(38,338,'unread','\0'),(38,438,'finished','\0'),(39,39,'finished','\0'),(39,139,'in_progress','\0'),(39,239,'in_progress',''),(39,339,'unread',''),(39,439,'in_progress',''),(40,40,'finished',''),(40,140,'unread','\0'),(40,240,'unread','\0'),(40,340,'finished',''),(40,440,'finished',''),(41,41,'finished',''),(41,141,'finished','\0'),(41,241,'unread',''),(41,341,'in_progress','\0'),(41,441,'in_progress','\0'),(42,42,'unread',''),(42,142,'in_progress','\0'),(42,242,'unread',''),(42,342,'unread',''),(42,442,'in_progress','\0'),(43,43,'in_progress','\0'),(43,143,'unread','\0'),(43,243,'finished',''),(43,343,'finished',''),(43,443,'finished','\0'),(44,44,'finished',''),(44,144,'in_progress',''),(44,244,'unread','\0'),(44,344,'finished',''),(44,444,'in_progress',''),(45,45,'finished',''),(45,145,'finished',''),(45,245,'finished',''),(45,345,'finished',''),(45,445,'in_progress',''),(46,46,'unread','\0'),(46,146,'in_progress',''),(46,246,'finished',''),(46,346,'finished','\0'),(46,446,'unread','\0'),(47,47,'unread',''),(47,147,'finished',''),(47,247,'unread',''),(47,347,'finished','\0'),(47,447,'unread','\0'),(48,48,'finished','\0'),(48,148,'unread',''),(48,248,'unread','\0'),(48,348,'in_progress',''),(48,448,'finished',''),(49,49,'finished','\0'),(49,149,'finished','\0'),(49,249,'in_progress',''),(49,349,'in_progress','\0'),(49,449,'in_progress','\0'),(50,50,'in_progress','\0'),(50,150,'finished','\0'),(50,250,'unread','\0'),(50,350,'in_progress','\0'),(50,450,'in_progress','\0'),(51,51,'in_progress','\0'),(51,151,'finished','\0'),(51,251,'finished','\0'),(51,351,'unread',''),(51,451,'in_progress',''),(52,52,'finished',''),(52,152,'finished',''),(52,252,'finished',''),(52,352,'finished','\0'),(52,452,'finished',''),(53,53,'unread',''),(53,153,'in_progress',''),(53,253,'unread','\0'),(53,353,'unread',''),(53,453,'finished',''),(54,54,'in_progress',''),(54,154,'finished',''),(54,254,'unread','\0'),(54,354,'finished',''),(54,454,'unread','\0'),(55,55,'finished',''),(55,155,'finished',''),(55,255,'finished','\0'),(55,355,'in_progress','\0'),(55,455,'in_progress','\0'),(56,56,'unread',''),(56,156,'unread',''),(56,256,'unread',''),(56,356,'in_progress','\0'),(56,456,'finished','\0'),(57,57,'unread','\0'),(57,157,'in_progress',''),(57,257,'finished','\0'),(57,357,'in_progress',''),(57,457,'in_progress','\0'),(58,58,'in_progress','\0'),(58,158,'unread','\0'),(58,258,'in_progress','\0'),(58,358,'in_progress','\0'),(58,458,'in_progress',''),(59,59,'unread',''),(59,159,'unread','\0'),(59,259,'unread',''),(59,359,'in_progress',''),(59,459,'unread','\0'),(60,60,'finished',''),(60,160,'finished',''),(60,260,'finished','\0'),(60,360,'in_progress','\0'),(60,460,'finished','\0'),(61,61,'finished',''),(61,161,'in_progress',''),(61,261,'unread',''),(61,361,'unread','\0'),(61,461,'finished','\0'),(62,62,'in_progress','\0'),(62,162,'unread','\0'),(62,262,'in_progress',''),(62,362,'finished','\0'),(62,462,'unread',''),(63,63,'unread','\0'),(63,163,'finished',''),(63,263,'in_progress',''),(63,363,'finished',''),(63,463,'in_progress',''),(64,64,'in_progress',''),(64,164,'unread','\0'),(64,264,'unread','\0'),(64,364,'in_progress','\0'),(64,464,'finished',''),(65,65,'finished',''),(65,165,'unread',''),(65,265,'finished',''),(65,365,'finished','\0'),(65,465,'unread',''),(66,66,'finished','\0'),(66,166,'in_progress',''),(66,266,'unread',''),(66,366,'in_progress','\0'),(66,466,'in_progress','\0'),(67,67,'finished','\0'),(67,167,'unread',''),(67,267,'in_progress','\0'),(67,367,'in_progress',''),(67,467,'in_progress','\0'),(68,68,'in_progress','\0'),(68,168,'in_progress',''),(68,268,'in_progress',''),(68,368,'in_progress',''),(68,468,'finished',''),(69,69,'in_progress','\0'),(69,169,'unread',''),(69,269,'finished',''),(69,369,'finished','\0'),(69,469,'finished',''),(70,70,'unread','\0'),(70,170,'unread','\0'),(70,270,'finished','\0'),(70,370,'finished','\0'),(70,470,'in_progress','\0'),(71,71,'finished',''),(71,171,'in_progress','\0'),(71,271,'finished','\0'),(71,371,'finished','\0'),(71,471,'in_progress','\0'),(72,72,'finished',''),(72,172,'in_progress',''),(72,272,'finished','\0'),(72,372,'in_progress','\0'),(72,472,'finished',''),(73,73,'unread','\0'),(73,173,'finished','\0'),(73,273,'in_progress',''),(73,373,'in_progress','\0'),(73,473,'unread','\0'),(74,74,'in_progress',''),(74,174,'finished',''),(74,274,'unread','\0'),(74,374,'finished','\0'),(74,474,'in_progress',''),(75,75,'in_progress',''),(75,175,'unread','\0'),(75,275,'unread','\0'),(75,375,'finished','\0'),(75,475,'unread',''),(76,76,'finished',''),(76,176,'in_progress',''),(76,276,'unread',''),(76,376,'finished','\0'),(76,476,'finished','\0'),(77,77,'unread','\0'),(77,177,'in_progress','\0'),(77,277,'in_progress',''),(77,377,'finished',''),(77,477,'finished',''),(78,78,'finished','\0'),(78,178,'finished',''),(78,278,'in_progress',''),(78,378,'unread','\0'),(78,478,'unread','\0'),(79,79,'unread','\0'),(79,179,'finished','\0'),(79,279,'unread','\0'),(79,379,'in_progress',''),(79,479,'finished','\0'),(80,80,'unread','\0'),(80,180,'finished','\0'),(80,280,'in_progress',''),(80,380,'unread',''),(80,480,'unread','\0'),(81,81,'in_progress','\0'),(81,181,'finished','\0'),(81,281,'finished','\0'),(81,381,'unread',''),(81,481,'in_progress',''),(82,82,'finished','\0'),(82,182,'finished',''),(82,282,'unread',''),(82,382,'in_progress','\0'),(82,482,'in_progress','\0'),(83,83,'in_progress','\0'),(83,183,'unread','\0'),(83,283,'finished','\0'),(83,383,'unread','\0'),(83,483,'finished',''),(84,84,'in_progress',''),(84,184,'in_progress',''),(84,284,'in_progress',''),(84,384,'in_progress',''),(84,484,'in_progress','\0'),(85,85,'finished','\0'),(85,185,'in_progress',''),(85,285,'unread',''),(85,385,'in_progress',''),(85,485,'unread','\0'),(86,86,'unread','\0'),(86,186,'in_progress','\0'),(86,286,'unread',''),(86,386,'unread',''),(86,486,'in_progress',''),(87,87,'in_progress',''),(87,187,'finished','\0'),(87,287,'in_progress',''),(87,387,'unread',''),(87,487,'in_progress',''),(88,88,'unread',''),(88,188,'unread','\0'),(88,288,'unread',''),(88,388,'in_progress',''),(88,488,'in_progress','\0'),(89,89,'in_progress','\0'),(89,189,'in_progress','\0'),(89,289,'finished',''),(89,389,'in_progress','\0'),(89,489,'unread',''),(90,90,'in_progress',''),(90,190,'in_progress',''),(90,290,'unread','\0'),(90,390,'finished',''),(90,490,'finished',''),(91,91,'unread',''),(91,191,'unread',''),(91,291,'finished','\0'),(91,391,'unread','\0'),(91,491,'finished','\0'),(92,92,'finished','\0'),(92,192,'in_progress','\0'),(92,292,'finished',''),(92,392,'finished',''),(92,492,'in_progress',''),(93,93,'finished','\0'),(93,193,'unread',''),(93,293,'finished','\0'),(93,393,'in_progress',''),(93,493,'finished','\0'),(94,94,'unread',''),(94,194,'finished',''),(94,294,'in_progress',''),(94,394,'unread',''),(94,494,'finished',''),(95,95,'finished',''),(95,195,'in_progress','\0'),(95,295,'in_progress','\0'),(95,395,'in_progress',''),(95,495,'unread',''),(96,96,'unread','\0'),(96,196,'finished','\0'),(96,296,'finished',''),(96,396,'finished','\0'),(96,496,'in_progress',''),(97,97,'finished','\0'),(97,197,'in_progress','\0'),(97,297,'unread','\0'),(97,397,'unread',''),(97,497,'unread','\0'),(98,98,'in_progress',''),(98,198,'in_progress',''),(98,298,'in_progress',''),(98,398,'in_progress','\0'),(98,498,'in_progress','\0'),(99,99,'in_progress',''),(99,199,'unread','\0'),(99,299,'unread','\0'),(99,399,'in_progress',''),(99,499,'finished',''),(100,100,'in_progress','\0'),(100,200,'unread','\0'),(100,300,'in_progress','\0'),(100,400,'unread','\0'),(100,500,'unread','\0');


-- книги по жанрам

DROP TABLE IF EXISTS books_genres;
CREATE TABLE books_genres (
	book_id BIGINT UNSIGNED NOT NULL,
	genre_id BIGINT UNSIGNED NOT NULL,
	INDEX (genre_id), 
	INDEX (book_id),
	PRIMARY KEY (book_id, genre_id),
	FOREIGN KEY (book_id) REFERENCES books(id) ON UPDATE CASCADE ON DELETE CASCADE,
	FOREIGN KEY (genre_id) REFERENCES genres(id) ON UPDATE CASCADE ON DELETE CASCADE
);

INSERT INTO `books_genres` VALUES (1,1),(1,15),(2,2),(2,16),(3,3),(3,17),(4,4),(4,18),(5,5),(5,19),(6,6),(6,20),(7,7),(7,21),(8,8),(8,22),(9,9),(9,23),(10,10),(10,24),(11,11),(11,25),(12,12),(12,26),(13,13),(13,27),(14,1),(14,14),(15,2),(15,15),(16,3),(16,16),(17,4),(17,17),(18,5),(18,18),(19,6),(19,19),(20,7),(20,20),(21,8),(21,21),(22,9),(22,22),(23,10),(23,23),(24,11),(24,24),(25,12),(25,25),(26,13),(26,26),(27,14),(27,27),(28,1),(28,15),(29,2),(29,16),(30,3),(30,17),(31,4),(31,18),(32,5),(32,19),(33,6),(33,20),(34,7),(34,21),(35,8),(35,22),(36,9),(36,23),(37,10),(37,24),(38,11),(38,25),(39,12),(39,26),(40,13),(40,27),(41,1),(41,14),(42,2),(42,15),(43,3),(43,16),(44,4),(44,17),(45,5),(45,18),(46,6),(46,19),(47,7),(47,20),(48,8),(48,21),(49,9),(49,22),(50,10),(50,23),(51,11),(51,24),(52,12),(52,25),(53,13),(53,26),(54,14),(54,27),(55,1),(55,15),(56,2),(56,16),(57,3),(57,17),(58,4),(58,18),(59,5),(59,19),(60,6),(60,20),(61,7),(61,21),(62,8),(62,22),(63,9),(63,23),(64,10),(64,24),(65,11),(65,25),(66,12),(66,26),(67,13),(67,27),(68,1),(68,14),(69,2),(69,15),(70,3),(70,16),(71,4),(71,17),(72,5),(72,18),(73,6),(73,19),(74,7),(74,20),(75,8),(75,21),(76,9),(76,22),(77,10),(77,23),(78,11),(78,24),(79,12),(79,25),(80,13),(80,26),(81,14),(81,27),(82,1),(82,15),(83,2),(83,16),(84,3),(84,17),(85,4),(85,18),(86,5),(86,19),(87,6),(87,20),(88,7),(88,21),(89,8),(89,22),(90,9),(90,23),(91,10),(91,24),(92,11),(92,25),(93,12),(93,26),(94,13),(94,27),(95,1),(95,14),(96,2),(96,15),(97,3),(97,16),(98,4),(98,17),(99,5),(99,18),(100,6),(100,19),(101,7),(101,20),(102,8),(102,21),(103,9),(103,22),(104,10),(104,23),(105,11),(105,24),(106,12),(106,25),(107,13),(107,26),(108,14),(108,27),(109,1),(109,15),(110,2),(110,16),(111,3),(111,17),(112,4),(112,18),(113,5),(113,19),(114,6),(114,20),(115,7),(115,21),(116,8),(116,22),(117,9),(117,23),(118,10),(118,24),(119,11),(119,25),(120,12),(120,26),(121,13),(121,27),(122,1),(122,14),(123,2),(123,15),(124,3),(124,16),(125,4),(125,17),(126,5),(126,18),(127,6),(127,19),(128,7),(128,20),(129,8),(129,21),(130,9),(130,22),(131,10),(131,23),(132,11),(132,24),(133,12),(133,25),(134,13),(134,26),(135,14),(135,27),(136,1),(136,15),(137,2),(137,16),(138,3),(138,17),(139,4),(139,18),(140,5),(140,19),(141,6),(141,20),(142,7),(142,21),(143,8),(143,22),(144,9),(144,23),(145,10),(145,24),(146,11),(146,25),(147,12),(147,26),(148,13),(148,27),(149,1),(149,14),(150,2),(150,15),(151,3),(151,16),(152,4),(152,17),(153,5),(153,18),(154,6),(154,19),(155,7),(155,20),(156,8),(156,21),(157,9),(157,22),(158,10),(158,23),(159,11),(159,24),(160,12),(160,25),(161,13),(161,26),(162,14),(162,27),(163,1),(163,15),(164,2),(164,16),(165,3),(165,17),(166,4),(166,18),(167,5),(167,19),(168,6),(168,20),(169,7),(169,21),(170,8),(170,22),(171,9),(171,23),(172,10),(172,24),(173,11),(173,25),(174,12),(174,26),(175,13),(175,27),(176,1),(176,14),(177,2),(177,15),(178,3),(178,16),(179,4),(179,17),(180,5),(180,18),(181,6),(181,19),(182,7),(182,20),(183,8),(183,21),(184,9),(184,22),(185,10),(185,23),(186,11),(186,24),(187,12),(187,25),(188,13),(188,26),(189,14),(189,27),(190,1),(190,15),(191,2),(191,16),(192,3),(192,17),(193,4),(193,18),(194,5),(194,19),(195,6),(195,20),(196,7),(196,21),(197,8),(197,22),(198,9),(198,23),(199,10),(199,24),(200,11),(200,25),(201,12),(201,26),(202,13),(202,27),(203,1),(203,14),(204,2),(204,15),(205,3),(205,16),(206,4),(206,17),(207,5),(207,18),(208,6),(208,19),(209,7),(209,20),(210,8),(210,21),(211,9),(211,22),(212,10),(212,23),(213,11),(213,24),(214,12),(214,25),(215,13),(215,26),(216,14),(216,27),(217,1),(217,15),(218,2),(218,16),(219,3),(219,17),(220,4),(220,18),(221,5),(221,19),(222,6),(222,20),(223,7),(223,21),(224,8),(224,22),(225,9),(225,23),(226,10),(226,24),(227,11),(227,25),(228,12),(228,26),(229,13),(229,27),(230,1),(230,14),(231,2),(231,15),(232,3),(232,16),(233,4),(233,17),(234,5),(234,18),(235,6),(235,19),(236,7),(236,20),(237,8),(237,21),(238,9),(238,22),(239,10),(239,23),(240,11),(240,24),(241,12),(241,25),(242,13),(242,26),(243,14),(243,27),(244,1),(244,15),(245,2),(245,16),(246,3),(246,17),(247,4),(247,18),(248,5),(248,19),(249,6),(249,20),(250,7),(250,21),(251,8),(251,22),(252,9),(252,23),(253,10),(253,24),(254,11),(254,25),(255,12),(255,26),(256,13),(256,27),(257,1),(257,14),(258,2),(258,15),(259,3),(259,16),(260,4),(260,17),(261,5),(261,18),(262,6),(262,19),(263,7),(263,20),(264,8),(264,21),(265,9),(265,22),(266,10),(266,23),(267,11),(267,24),(268,12),(268,25),(269,13),(269,26),(270,14),(270,27),(271,1),(271,15),(272,2),(272,16),(273,3),(273,17),(274,4),(274,18),(275,5),(275,19),(276,6),(276,20),(277,7),(277,21),(278,8),(278,22),(279,9),(279,23),(280,10),(280,24),(281,11),(281,25),(282,12),(282,26),(283,13),(283,27),(284,1),(284,14),(285,2),(285,15),(286,3),(286,16),(287,4),(287,17),(288,5),(288,18),(289,6),(289,19),(290,7),(290,20),(291,8),(291,21),(292,9),(292,22),(293,10),(293,23),(294,11),(294,24),(295,12),(295,25),(296,13),(296,26),(297,14),(297,27),(298,1),(298,15),(299,2),(299,16),(300,3),(300,17),(301,4),(301,18),(302,5),(302,19),(303,6),(303,20),(304,7),(304,21),(305,8),(305,22),(306,9),(306,23),(307,10),(307,24),(308,11),(308,25),(309,12),(309,26),(310,13),(310,27),(311,1),(311,14),(312,2),(312,15),(313,3),(313,16),(314,4),(314,17),(315,5),(315,18),(316,6),(316,19),(317,7),(317,20),(318,8),(318,21),(319,9),(319,22),(320,10),(320,23),(321,11),(321,24),(322,12),(322,25),(323,13),(323,26),(324,14),(324,27),(325,1),(325,15),(326,2),(326,16),(327,3),(327,17),(328,4),(328,18),(329,5),(329,19),(330,6),(330,20),(331,7),(331,21),(332,8),(332,22),(333,9),(333,23),(334,10),(334,24),(335,11),(335,25),(336,12),(336,26),(337,13),(337,27),(338,1),(338,14),(339,2),(339,15),(340,3),(340,16),(341,4),(341,17),(342,5),(342,18),(343,6),(343,19),(344,7),(344,20),(345,8),(345,21),(346,9),(346,22),(347,10),(347,23),(348,11),(348,24),(349,12),(349,25),(350,13),(350,26),(351,14),(351,27),(352,1),(352,15),(353,2),(353,16),(354,3),(354,17),(355,4),(355,18),(356,5),(356,19),(357,6),(357,20),(358,7),(358,21),(359,8),(359,22),(360,9),(360,23),(361,10),(361,24),(362,11),(362,25),(363,12),(363,26),(364,13),(364,27),(365,1),(365,14),(366,2),(366,15),(367,3),(367,16),(368,4),(368,17),(369,5),(369,18),(370,6),(370,19),(371,7),(371,20),(372,8),(372,21),(373,9),(373,22),(374,10),(374,23),(375,11),(375,24),(376,12),(376,25),(377,13),(377,26),(378,14),(378,27),(379,1),(379,15),(380,2),(380,16),(381,3),(381,17),(382,4),(382,18),(383,5),(383,19),(384,6),(384,20),(385,7),(385,21),(386,8),(386,22),(387,9),(387,23),(388,10),(388,24),(389,11),(389,25),(390,12),(390,26),(391,13),(391,27),(392,1),(392,14),(393,2),(393,15),(394,3),(394,16),(395,4),(395,17),(396,5),(396,18),(397,6),(397,19),(398,7),(398,20),(399,8),(399,21),(400,9),(400,22),(401,10),(401,23),(402,11),(402,24),(403,12),(403,25),(404,13),(404,26),(405,14),(405,27),(406,1),(406,15),(407,2),(407,16),(408,3),(408,17),(409,4),(409,18),(410,5),(410,19),(411,6),(411,20),(412,7),(412,21),(413,8),(413,22),(414,9),(414,23),(415,10),(415,24),(416,11),(416,25),(417,12),(417,26),(418,13),(418,27),(419,1),(419,14),(420,2),(420,15),(421,3),(421,16),(422,4),(422,17),(423,5),(423,18),(424,6),(424,19),(425,7),(425,20),(426,8),(426,21),(427,9),(427,22),(428,10),(428,23),(429,11),(429,24),(430,12),(430,25),(431,13),(431,26),(432,14),(432,27),(433,1),(433,15),(434,2),(434,16),(435,3),(435,17),(436,4),(436,18),(437,5),(437,19),(438,6),(438,20),(439,7),(439,21),(440,8),(440,22),(441,9),(441,23),(442,10),(442,24),(443,11),(443,25),(444,12),(444,26),(445,13),(445,27),(446,1),(446,14),(447,2),(447,15),(448,3),(448,16),(449,4),(449,17),(450,5),(450,18),(451,6),(451,19),(452,7),(452,20),(453,8),(453,21),(454,9),(454,22),(455,10),(455,23),(456,11),(456,24),(457,12),(457,25),(458,13),(458,26),(459,14),(459,27),(460,1),(460,15),(461,2),(461,16),(462,3),(462,17),(463,4),(463,18),(464,5),(464,19),(465,6),(465,20),(466,7),(466,21),(467,8),(467,22),(468,9),(468,23),(469,10),(469,24),(470,11),(470,25),(471,12),(471,26),(472,13),(472,27),(473,1),(473,14),(474,2),(474,15),(475,3),(475,16),(476,4),(476,17),(477,5),(477,18),(478,6),(478,19),(479,7),(479,20),(480,8),(480,21),(481,9),(481,22),(482,10),(482,23),(483,11),(483,24),(484,12),(484,25),(485,13),(485,26),(486,14),(486,27),(487,1),(487,15),(488,2),(488,16),(489,3),(489,17),(490,4),(490,18),(491,5),(491,19),(492,6),(492,20),(493,7),(493,21),(494,8),(494,22),(495,9),(495,23),(496,10),(496,24),(497,11),(497,25),(498,12),(498,26),(499,13),(499,27),(500,1),(500,14);

-- отзывы, должна быть оценка, текст не обязателен

DROP TABLE IF EXISTS feedback;
CREATE TABLE feedback (
	id SERIAL PRIMARY KEY,
	book_id BIGINT UNSIGNED NOT NULL,
	user_id BIGINT UNSIGNED NOT NULL,
	rating TINYINT UNSIGNED NOT NULL,
	body TEXT,
	created_at DATETIME DEFAULT NOW(),
	updated_at DATETIME DEFAULT NOW() ON UPDATE NOW(),
	INDEX (user_id), 
	INDEX (book_id),
	FOREIGN KEY (user_id) REFERENCES users(id) ON UPDATE CASCADE ON DELETE CASCADE,
	FOREIGN KEY (book_id) REFERENCES books(id) ON UPDATE CASCADE ON DELETE CASCADE
);
	
INSERT INTO `feedback` VALUES (1,55,1,1,'Molestiae eos atque dolorem occaecati nihil nisi et. Aliquam quia veritatis velit pariatur facilis asperiores. Eum et et nostrum sequi corrupti. Quia quia aut deleniti non.','2013-02-19 00:00:00','2020-07-11 00:00:00'),(2,2,2,3,'Vitae velit nam eligendi omnis est nisi. Est sequi dolorem officia. Perspiciatis error qui placeat aut enim sit sit minus. Ut sed odio modi doloribus vitae.','2013-02-19 00:00:00','2020-07-11 00:00:00'),(3,3,3,3,null,'2013-02-19 00:00:00','2020-07-11 00:00:00'),(4,18,4,5,'Consequuntur necessitatibus praesentium labore sunt ut dolorem amet aut. Debitis et aut repellendus est magni. Voluptas eos et quia vel non ullam ratione. Commodi voluptatem occaecati eum sint.','2013-02-19 00:00:00','2020-07-11 00:00:00'),(5,5,5,1,'Vero ipsam impedit deserunt odit odit perferendis sint. At commodi numquam voluptatum modi quo ad voluptatem saepe. Consequuntur ut ut incidunt est enim optio.','2013-02-19 00:00:00','2020-07-11 00:00:00'),(6,55,6,4,'Distinctio sit tempore quis molestiae et est nemo. Ab eligendi qui ullam deleniti. Voluptas hic iure natus.','2013-02-19 00:00:00','2020-07-11 00:00:00'),(7,7,7,5,'Debitis voluptatem non repellat aliquid omnis animi corporis. Laudantium aliquid aperiam eligendi animi et ipsa. Est aut ea aliquam officia aliquam magnam consequatur. Dolores explicabo aut vel deserunt.','2013-02-19 00:00:00','2020-07-11 00:00:00'),(8,8,8,1,'Et earum laborum ut suscipit accusamus qui. Consequatur ipsam eum sunt at soluta. Minima eveniet natus eos nihil. Aliquam ut velit excepturi fuga voluptate.','2013-02-19 00:00:00','2020-07-11 00:00:00'),(9,88,9,3,'Ipsum rerum sit minus maiores id est maiores. Et dolores et voluptas ab eum pariatur minima. In aut facere et enim ut magni mollitia. Nihil quia vitae blanditiis qui.','2013-02-19 00:00:00','2020-07-11 00:00:00'),(10,10,10,1,'Perferendis velit aut et quam rerum id quae illo. Quod repellendus totam officia accusamus est. Ab excepturi asperiores et corrupti. Enim nisi pariatur eum sed aut et.','2013-02-19 00:00:00','2020-07-11 00:00:00'),(11,88,11,2,'Laborum velit eos suscipit libero nostrum eveniet repellendus vel. Accusantium quibusdam explicabo natus illum numquam quas. Fugit facilis voluptas aut repudiandae dolores quaerat est. Non minima sapiente fuga quia aut porro.','2013-02-19 00:00:00','2020-07-11 00:00:00'),(12,12,12,3,'Exercitationem consequuntur dicta ipsa quia. Laborum voluptatibus placeat expedita illo fuga. Voluptas harum quae provident tempora sunt. Tempora ex qui blanditiis culpa quia quam asperiores pariatur.','2013-02-19 00:00:00','2020-07-11 00:00:00'),(13,13,13,4,'Sed omnis ipsa nostrum et quam ut culpa. Id ipsum cum itaque sed omnis. Explicabo consectetur qui consequuntur expedita et reprehenderit quos rerum.','2013-02-19 00:00:00','2020-07-11 00:00:00'),(14,19,14,1,'Nulla in voluptate et vero nulla quo laborum. Laboriosam aut nisi eos enim voluptatem magni expedita. Quia suscipit voluptatem recusandae ab ut sit accusamus.','2013-02-19 00:00:00','2020-07-11 00:00:00'),(15,15,15,4,'Aliquam asperiores ipsa est non quasi ad molestiae similique. Rerum dolores eos ea eligendi et quidem. Et ab cupiditate velit architecto accusantium. Vitae aliquid voluptates totam qui in ea.','2013-02-19 00:00:00','2020-07-11 00:00:00'),(16,16,16,4,'Magni excepturi occaecati quod possimus nemo. Eaque qui reprehenderit sed. Sed aliquid beatae est perspiciatis culpa repellat velit.','2013-02-19 00:00:00','2020-07-11 00:00:00'),(17,19,17,5,'Similique consequuntur odio aut dolores. Sit aut placeat fugit consequatur ut similique occaecati. Delectus rerum mollitia et qui.','2013-02-19 00:00:00','2020-07-11 00:00:00'),(18,7,18,2,'Ex minima sed nisi quia neque. Qui eligendi iusto quia cumque ut maxime. Ut nihil reiciendis et aliquid tempore voluptatibus.','2013-02-19 00:00:00','2020-07-11 00:00:00'),(19,55,19,2,'Debitis culpa illum totam voluptate eaque. Porro amet voluptas illo provident. Voluptatem quae in distinctio. Occaecati vel dolorum est temporibus quisquam id sunt culpa.','2013-02-19 00:00:00','2020-07-11 00:00:00'),(20,488,20,4,'Est sit neque et fuga corporis quia. Voluptas sed illum dolores inventore ipsa. Iure quisquam soluta sed at.','2013-02-19 00:00:00','2020-07-11 00:00:00'),(21,21,21,5,'Aut molestiae aliquam nam laborum quasi vitae nostrum. Nemo et aliquam consectetur recusandae. Temporibus nostrum dolore est eum quis. Odio et itaque est dolores tempore.','2013-02-19 00:00:00','2020-07-11 00:00:00'),(22,26,22,4,'Dolorem explicabo nulla quidem quia ut doloremque minima. Eos tenetur repellendus sunt dolores doloribus assumenda laborum. Veritatis sunt omnis fuga voluptas. Saepe eum qui repudiandae maxime alias.','2013-02-19 00:00:00','2020-07-11 00:00:00'),(23,243,23,1,'Omnis ea excepturi sequi dolorem tempora. Non fugit ut est inventore. Numquam nam non aut voluptates fugit et eaque quia.','2013-02-19 00:00:00','2020-07-11 00:00:00'),(24,7,24,1,'Maxime molestiae soluta laudantium qui. Aut facilis aut facilis aut nostrum corrupti magni. Est cumque voluptatem veritatis voluptas ut. Magnam maxime earum dignissimos omnis eaque.','2013-02-19 00:00:00','2020-07-11 00:00:00'),(25,18,25,4,'Et sed distinctio explicabo repudiandae excepturi rem occaecati. Voluptates nesciunt dolores tempore accusantium error. Animi hic voluptatem odio dicta unde sit.','2013-02-19 00:00:00','2020-07-11 00:00:00'),(26,26,26,5,'Veritatis delectus tenetur facilis dicta. Modi tempore eius temporibus quam facere. Quia officiis error cum aut sequi. Nobis nisi id sit esse distinctio excepturi omnis et. Velit mollitia quia fuga praesentium facere voluptatem commodi.','2013-02-19 00:00:00','2020-07-11 00:00:00'),(27,88,27,1,'Ut omnis repudiandae fugiat sapiente. Minima perferendis id consequatur ipsa voluptas. Temporibus sed nam expedita corrupti.','2013-02-19 00:00:00','2020-07-11 00:00:00'),(28,7,28,2,'Modi veniam maiores voluptate voluptas inventore. Eum consequatur iste laboriosam sint totam. Veritatis voluptatibus suscipit quo earum. Molestiae in dolore eum totam dolor nostrum. Ut qui est officia eos.','2013-02-19 00:00:00','2020-07-11 00:00:00'),(29,29,29,3,'Ea quod quis labore quia deleniti praesentium mollitia. Qui temporibus et animi voluptatem. Culpa quo laborum ab.','2013-02-19 00:00:00','2020-07-11 00:00:00'),(30,300,30,2,'Omnis nam accusantium itaque aut. Delectus nihil officia non qui rerum laboriosam.','2013-02-19 00:00:00','2020-07-11 00:00:00'),(31,21,31,5,'Vel magnam aut sapiente ea earum debitis. Nihil iure nemo quia eaque incidunt. Optio voluptas praesentium et nisi velit doloremque quo soluta. Inventore nesciunt qui aut reprehenderit.','2013-02-19 00:00:00','2020-07-11 00:00:00'),(32,21,32,3,'In dolorem ullam iure facere soluta eligendi. Omnis pariatur tempora commodi qui laborum quia. Sed aperiam voluptatem quia accusantium ad voluptatum eius. Accusantium dolor sit officia ut incidunt.','2013-02-19 00:00:00','2020-07-11 00:00:00'),(33,33,33,1,'Consequatur voluptas magni nesciunt et ratione qui. Autem qui nemo corporis quo quidem quidem. Nihil et pariatur alias enim consequuntur.','2013-02-19 00:00:00','2020-07-11 00:00:00'),(34,21,34,4,'Veritatis velit dolorem dicta mollitia. Voluptatem quibusdam non quisquam maiores aspernatur fugit. Ut excepturi et molestias esse quia voluptatem nesciunt nostrum.','2013-02-19 00:00:00','2020-07-11 00:00:00'),(35,18,35,2,'Voluptate sit eligendi ipsum consectetur odit. Asperiores aut aut laborum ea blanditiis unde unde. Blanditiis dolorem et odit a ipsum praesentium sunt quis.','2013-02-19 00:00:00','2020-07-11 00:00:00'),(36,100,36,4,'Error aut ad deleniti est voluptatibus asperiores exercitationem. Aut voluptas eos consequatur maxime ullam. Beatae incidunt voluptatem dolor nihil neque tempore. Enim est dicta consequatur.','2013-02-19 00:00:00','2020-07-11 00:00:00'),(37,37,37,4,'Sed quis porro omnis. Nulla qui omnis animi aut rerum.','2013-02-19 00:00:00','2020-07-11 00:00:00'),(38,38,38,1,'Autem odit sit quia quia deserunt. Omnis tempore quaerat atque alias et. Voluptatum dicta similique aut architecto impedit id labore.','2013-02-19 00:00:00','2020-07-11 00:00:00'),(39,349,39,2,'Voluptatem perferendis reiciendis unde qui. Dicta saepe ad perspiciatis officiis. Ab dolorem consequuntur dolores. Impedit recusandae sint sit voluptate ea vel.','2013-02-19 00:00:00','2020-07-11 00:00:00'),(40,7,40,4,'Minus assumenda id adipisci maxime rerum. Quos voluptatibus voluptas voluptas magnam et corporis. Quia quasi ex beatae. Reiciendis et et qui ad.','2013-02-19 00:00:00','2020-07-11 00:00:00'),(41,41,41,5,'Voluptatum optio voluptatum tempore omnis dolore. Voluptates inventore magnam non eum aut repudiandae. Omnis qui impedit omnis dolorum velit.','2013-02-19 00:00:00','2020-07-11 00:00:00'),(42,42,42,2,'Aut earum neque aut sit et et. Dolor dolores vel reiciendis rerum sequi voluptas. Voluptatem laborum recusandae qui explicabo eos. Eum nulla error quis dolor autem.','2013-02-19 00:00:00','2020-07-11 00:00:00'),(43,435,43,3,'Fugit incidunt sed fugiat est et praesentium. Ratione facilis quos saepe molestiae. Similique deserunt ducimus et excepturi ad minima. Nobis quasi explicabo eveniet sit vitae. Tempora temporibus accusantium qui aut ipsam.','2013-02-19 00:00:00','2020-07-11 00:00:00'),(44,44,44,5,'In optio at qui laboriosam laudantium. Eum labore ea totam inventore doloremque ipsam quia molestiae. Et magni vitae et iure vitae facere. Perferendis sint placeat molestiae animi ad aut ea.','2013-02-19 00:00:00','2020-07-11 00:00:00'),(45,45,45,2,'Natus sapiente qui facere tenetur minima et rerum. Labore quisquam sit esse qui. Dolores velit non adipisci temporibus quo quam.','2013-02-19 00:00:00','2020-07-11 00:00:00'),(46,46,46,2,'Cupiditate qui aliquam officia ipsam dolores. Ullam nulla molestiae aspernatur tempora quis cupiditate sequi beatae. Voluptatibus sed iure officiis fuga et. Accusantium quia esse natus natus non.','2013-02-19 00:00:00','2020-07-11 00:00:00'),(47,47,47,2,'Dolorem autem deleniti voluptatibus eos dolores et autem recusandae. Iste deserunt molestias iusto atque. Sed dignissimos nostrum fugit nihil. Corrupti et aperiam consequuntur architecto sit veritatis soluta est.','2013-02-19 00:00:00','2020-07-11 00:00:00'),(48,48,48,5,'Sit harum illo voluptatem placeat velit fuga laboriosam. Sequi perspiciatis quidem quia. Illo quas nam voluptatem sed.','2013-02-19 00:00:00','2020-07-11 00:00:00'),(49,49,49,3,'Atque quam voluptas omnis. Consequatur eos quia temporibus.','2013-02-19 00:00:00','2020-07-11 00:00:00'),(50,50,50,2,'Nisi nam quidem non nobis quo placeat molestiae. Aut illo quo fuga rem. Repudiandae eum debitis quibusdam vel.','2013-02-19 00:00:00','2020-07-11 00:00:00'),(51,51,51,3,'Inventore repellat et ipsa omnis quo laboriosam. Aut eligendi natus doloribus corrupti. Error rerum odit eum autem repellat laboriosam. Quidem est magni aut voluptates.','2013-02-19 00:00:00','2020-07-11 00:00:00'),(52,52,52,4,'Pariatur fuga quos dolorem. Laborum quas voluptas nemo sed consequatur sunt. Iusto ullam in enim illum est.','2013-02-19 00:00:00','2020-07-11 00:00:00'),(53,53,53,3,'Doloribus odit ut voluptas voluptatum facilis ut dolor quia. Nesciunt consequatur commodi voluptas qui at doloremque voluptas architecto. Ut harum qui quia voluptatem voluptatem.','2013-02-19 00:00:00','2020-07-11 00:00:00'),(54,54,54,3,'Commodi dolores ut deleniti quisquam doloribus animi quibusdam. Ipsam corrupti nihil et velit quos beatae molestiae. Voluptatibus magni enim aut animi quo placeat voluptatibus. Labore voluptatum vel nisi voluptatibus.','2013-02-19 00:00:00','2020-07-11 00:00:00'),(55,55,55,5,'Molestias architecto quia voluptatem et doloremque molestias. Et velit sed voluptates vel eveniet. Temporibus voluptas quos aut neque voluptas. Reprehenderit laboriosam ea excepturi ut facere maxime possimus fuga.','2013-02-19 00:00:00','2020-07-11 00:00:00'),(56,56,56,5,'Sit provident debitis et est quos sunt qui. Dolores tenetur perspiciatis consequatur suscipit. Et laudantium voluptatem fugiat reiciendis amet. Quos sit quas similique eos nisi incidunt.','2013-02-19 00:00:00','2020-07-11 00:00:00'),(57,57,57,4,'Illo laboriosam reiciendis non fugit soluta. Praesentium natus dicta asperiores vero et ex. Corrupti alias accusamus sint ipsum aliquid.','2013-02-19 00:00:00','2020-07-11 00:00:00'),(58,58,58,5,'Perspiciatis doloremque facere dicta quia asperiores veniam in. Molestiae et nemo a et debitis. Similique id nihil quae fugit.','2013-02-19 00:00:00','2020-07-11 00:00:00'),(59,59,59,3,'Vel necessitatibus ducimus iste dolor. Autem ut aliquam quia magnam. Aut ut facilis commodi quidem vel delectus. Et ducimus et vel occaecati.','2013-02-19 00:00:00','2020-07-11 00:00:00'),(60,60,60,5,'Cumque cum odit et possimus et maiores vel. Ipsam hic fugit est placeat. Dolore facere beatae ut tempora facere aut rerum. Dignissimos sit qui praesentium molestias velit quisquam. Repellendus aliquam dolore mollitia deserunt deserunt qui.','2013-02-19 00:00:00','2020-07-11 00:00:00'),(61,61,61,1,'Quisquam consequatur eos omnis sit voluptates hic odit. Sit in quod reprehenderit possimus incidunt.','2013-02-19 00:00:00','2020-07-11 00:00:00'),(62,62,62,3,'Soluta numquam et beatae. Praesentium vel rerum quia id. Minus alias rem pariatur nemo.','2013-02-19 00:00:00','2020-07-11 00:00:00'),(63,63,63,1,'Ducimus ab ut enim est blanditiis hic sed nostrum. Quisquam totam saepe rerum. Animi quam minima nesciunt et quasi ut non.','2013-02-19 00:00:00','2020-07-11 00:00:00'),(64,64,64,2,'In aperiam necessitatibus architecto est et laudantium. Temporibus est quis fugit et est unde possimus. Dolorum consequatur voluptatem enim quae sequi aut dignissimos.','2013-02-19 00:00:00','2020-07-11 00:00:00'),(65,65,65,3,'Tempora numquam non omnis aut. Sit provident dolores dicta est. Eaque qui laborum quia sunt. Ut voluptatem incidunt in. Ut aliquam necessitatibus blanditiis est impedit aut.','2013-02-19 00:00:00','2020-07-11 00:00:00'),(66,66,66,3,'Repellendus dolor culpa ut soluta fuga unde. Quibusdam provident itaque quod mollitia maiores quo veniam. Mollitia sit qui reiciendis ratione amet tenetur minima. Hic ut repellat impedit libero exercitationem voluptatem itaque.','2013-02-19 00:00:00','2020-07-11 00:00:00'),(67,67,67,4,'Officia officiis labore velit eum ea. Iure doloremque facilis est voluptas. Quam sit eligendi dolores ullam omnis deserunt. Sed dolorum enim qui voluptatem magnam. Sapiente eligendi quia porro ullam.','2013-02-19 00:00:00','2020-07-11 00:00:00'),(68,68,68,2,'Similique dolores numquam ut quia molestiae aspernatur. Facere aut ratione et sed nulla. Rerum vero assumenda doloribus modi. Sit eveniet consequatur ab porro sed sint eius.','2013-02-19 00:00:00','2020-07-11 00:00:00'),(69,69,69,1,'Qui vero eius aut ut quos et nihil. Ut blanditiis recusandae recusandae provident pariatur veritatis accusamus. Error quia iste maiores eos consequatur eveniet. Sit aperiam deleniti ullam possimus reiciendis aliquam.','2013-02-19 00:00:00','2020-07-11 00:00:00'),(70,70,70,5,'Et tempore aspernatur maxime harum id ipsam. At pariatur sequi harum aliquid. Maxime ut at placeat mollitia alias voluptatum id. Praesentium sit recusandae vero eum sunt assumenda.','2013-02-19 00:00:00','2020-07-11 00:00:00'),(71,71,71,3,'Unde nesciunt hic magni. Placeat quo vitae illum consequuntur minus. Et enim tenetur rerum inventore laboriosam. Et qui inventore laborum alias odio.','2013-02-19 00:00:00','2020-07-11 00:00:00'),(72,72,72,3,'Blanditiis sint ut libero dolores numquam voluptatem voluptatem. Est possimus sunt voluptates a aliquam debitis impedit laudantium. Quis voluptatem temporibus est vel est aliquid aperiam.','2013-02-19 00:00:00','2020-07-11 00:00:00'),(73,73,73,4,'Omnis magnam accusantium perspiciatis ab aut eum asperiores. Iusto beatae et odio labore quae ipsam sit. Doloribus voluptas velit enim cumque. Dolorem consequatur in facere deleniti quasi.','2013-02-19 00:00:00','2020-07-11 00:00:00'),(74,74,74,3,'Dicta accusantium nihil eum. Iure non suscipit sint reiciendis deserunt. Magni non molestiae ipsum vel exercitationem occaecati et enim. Doloribus repudiandae dolorum sunt repudiandae.','2013-02-19 00:00:00','2020-07-11 00:00:00'),(75,75,75,4,'Unde accusamus error non dignissimos pariatur. Maxime et enim nesciunt molestiae. Animi cupiditate dolorum et quo cumque.','2013-02-19 00:00:00','2020-07-11 00:00:00'),(76,76,76,2,'In accusantium sunt velit illo delectus pariatur. A qui distinctio qui reprehenderit qui similique earum. Consectetur reiciendis mollitia aut qui.','2013-02-19 00:00:00','2020-07-11 00:00:00'),(77,77,77,1,'Qui ut et deleniti fugiat soluta necessitatibus numquam. Excepturi quia odit consectetur rerum qui autem dolores. Repellendus et et doloremque itaque reiciendis.','2013-02-19 00:00:00','2020-07-11 00:00:00'),(78,78,78,1,'Deserunt adipisci illum rerum commodi. Ex sunt soluta odio et culpa facere. Sint sapiente porro aperiam sint atque.','2013-02-19 00:00:00','2020-07-11 00:00:00'),(79,79,79,2,'Fugit quis natus maxime. Ut ut est sequi delectus sit enim. Sequi perspiciatis possimus ipsa nihil autem animi repudiandae molestias.','2013-02-19 00:00:00','2020-07-11 00:00:00'),(80,80,80,1,'Ipsa similique a id eos magnam est vel. Ab sit quam ut id rerum. At facere nobis commodi facilis aspernatur.','2013-02-19 00:00:00','2020-07-11 00:00:00'),(81,81,81,5,'Cupiditate eum repellat aliquid molestiae eligendi. Rerum eaque ea soluta accusamus. Rerum totam autem minus consequatur. Et itaque fugiat assumenda enim sit nihil.','2013-02-19 00:00:00','2020-07-11 00:00:00'),(82,82,82,2,'Sed qui ipsa quia aut ad voluptatem. Voluptatem accusamus minima dolore cupiditate neque dolorum. Voluptate libero dolor sed dignissimos quia quae.','2013-02-19 00:00:00','2020-07-11 00:00:00'),(83,83,83,2,'Quam modi error enim id nihil amet magnam. Occaecati dolores voluptatem illum omnis.','2013-02-19 00:00:00','2020-07-11 00:00:00'),(84,84,84,5,'Et aspernatur aut maxime maxime assumenda expedita nemo aperiam. Natus laudantium unde iusto cumque perspiciatis nam. Ea mollitia ipsa accusantium corporis aut. Architecto reprehenderit et eligendi similique optio consequatur.','2013-02-19 00:00:00','2020-07-11 00:00:00'),(85,85,85,2,'Nulla sunt odio quo repellat voluptas. Tempora quis facere modi molestiae. Optio dolores unde nostrum deserunt eligendi nihil laboriosam sit. Dicta asperiores vero tempore hic iste.','2013-02-19 00:00:00','2020-07-11 00:00:00'),(86,86,86,1,'Necessitatibus saepe quis ducimus a ea. Aut placeat ut excepturi. Rerum libero consectetur id qui distinctio animi.','2013-02-19 00:00:00','2020-07-11 00:00:00'),(87,87,87,5,'Sed et amet voluptate atque et corrupti. Amet unde nisi et quidem sed adipisci omnis.','2013-02-19 00:00:00','2020-07-11 00:00:00'),(88,88,88,3,'Aspernatur hic nesciunt incidunt accusantium. Ab pariatur possimus soluta voluptatem reprehenderit voluptas sed. Tenetur eum illum totam velit id molestiae vitae. Vel laudantium voluptas aut dignissimos exercitationem laboriosam. Qui odio ipsum minima qui voluptatem fugit.','2013-02-19 00:00:00','2020-07-11 00:00:00'),(89,89,89,4,'Culpa ut eius repellendus repellendus sapiente. Iste error praesentium recusandae amet. Non minus reiciendis ullam reprehenderit nemo quia.','2013-02-19 00:00:00','2020-07-11 00:00:00'),(90,90,90,4,'Quo sed aut quia culpa. Et nesciunt voluptate aut necessitatibus quae nostrum. Voluptatem magni officia totam iste qui. Possimus ut similique assumenda sapiente laboriosam.','2013-02-19 00:00:00','2020-07-11 00:00:00'),(91,91,91,3,'Quia harum nostrum quo excepturi. Cupiditate qui eum quaerat impedit. Et excepturi quis qui quia quam.','2013-02-19 00:00:00','2020-07-11 00:00:00'),(92,92,92,1,'Ullam in rem quia assumenda cupiditate nobis impedit alias. Cum sit eaque unde est quis facere. Repudiandae corporis recusandae placeat numquam autem omnis sequi.','2013-02-19 00:00:00','2020-07-11 00:00:00'),(93,93,93,1,'Pariatur non corporis sunt aut. Voluptas sint quia voluptates velit praesentium. Sit molestias et dolorem quam soluta aperiam. Impedit officia aut perferendis quis.','2013-02-19 00:00:00','2020-07-11 00:00:00'),(94,94,94,3,'Accusamus occaecati quia cum quia. Ad ut laborum nostrum. Ea magnam maxime delectus adipisci beatae.','2013-02-19 00:00:00','2020-07-11 00:00:00'),(95,95,95,5,'Fuga nemo perspiciatis veniam earum asperiores. Iure asperiores ipsa ut accusamus quos sunt. In quia adipisci omnis id suscipit quam.','2013-02-19 00:00:00','2020-07-11 00:00:00'),(96,96,96,3,'Quia mollitia cumque explicabo illum qui temporibus velit illo. Amet at fugit quidem et suscipit ullam quia praesentium. Dolorum minima eum voluptatum deleniti sed. Eaque amet beatae ut officia omnis voluptas cumque.','2013-02-19 00:00:00','2020-07-11 00:00:00'),(97,97,97,4,'Aspernatur odio aspernatur et consectetur. Unde totam dolorem modi optio earum error minima. Adipisci qui labore tempora voluptatem omnis quas aut. Optio delectus corrupti nisi explicabo molestiae accusantium.','2013-02-19 00:00:00','2020-07-11 00:00:00'),(98,98,98,2,'Vel maxime porro debitis et nesciunt deserunt. Sed numquam et ea quia fugiat sint et. Dolorum impedit architecto deleniti dicta nemo porro officiis.','2013-02-19 00:00:00','2020-07-11 00:00:00'),(99,99,99,5,'Vero optio debitis qui officia temporibus consequatur soluta magni. Quam laborum quos sunt perferendis unde itaque asperiores. Eum officiis ut delectus enim quos. Quo voluptas consequatur autem a culpa ipsa.','2013-02-19 00:00:00','2020-07-11 00:00:00'),(100,100,100,2,'Odio quidem sit ad eveniet. Tenetur sint est vitae voluptatibus alias. Porro est voluptatem eveniet aut dolores. Voluptatum autem perspiciatis provident non accusamus expedita et voluptatem.','2013-02-19 00:00:00','2020-07-11 00:00:00'),(101,101,1,3,'Inventore eaque culpa autem. Est aperiam cumque dolorem quia. Vero quibusdam culpa ipsa aliquam. Aspernatur culpa iure tempore non.','2013-02-19 00:00:00','2020-07-11 00:00:00'),(102,102,2,3,'Repellendus numquam temporibus quia et tenetur ipsum quis exercitationem. Esse harum eaque dolorum fugiat enim omnis asperiores.','2013-02-19 00:00:00','2020-07-11 00:00:00'),(103,103,3,2,'Et ipsam a totam vel necessitatibus rem. Et id culpa dicta unde. Mollitia sequi eveniet et. Maxime quia labore magnam modi neque quia.','2013-02-19 00:00:00','2020-07-11 00:00:00'),(104,104,4,5,'Aperiam est possimus et itaque. Similique qui ut animi aut laudantium. Mollitia tenetur aut nesciunt dignissimos non quisquam. Culpa et eveniet suscipit iste. Id saepe quos esse sunt consequatur facilis sunt.','2013-02-19 00:00:00','2020-07-11 00:00:00'),(105,105,5,4,'Praesentium quis cumque officiis. Vel voluptas omnis recusandae quia debitis. Distinctio doloribus distinctio ab saepe atque qui. Repellat voluptatem tempore eos deserunt voluptatem.','2013-02-19 00:00:00','2020-07-11 00:00:00'),(106,106,6,5,'Eveniet possimus dolorem sint impedit. Quaerat enim molestiae perspiciatis velit ratione. Soluta et doloribus rerum sit.','2013-02-19 00:00:00','2020-07-11 00:00:00'),(107,107,7,1,'Temporibus est qui excepturi amet accusantium ut nesciunt. Earum amet architecto in molestiae qui officia. Quisquam distinctio animi sunt voluptatem delectus. Assumenda sint consequuntur delectus nisi voluptatem et vel.','2013-02-19 00:00:00','2020-07-11 00:00:00'),(108,108,8,2,'Exercitationem id in labore eum aut consequatur. Corporis a ipsa accusantium est rem iure quaerat. Provident quos voluptates fugit id minima.','2013-02-19 00:00:00','2020-07-11 00:00:00'),(109,109,9,5,'Et sunt aut dolores consequatur vero corporis sed. Ea officia magnam aliquid et consequatur iste eum nobis. Ipsa reprehenderit perferendis suscipit excepturi aut sint quia possimus.','2013-02-19 00:00:00','2020-07-11 00:00:00'),(110,110,10,1,'Et vel illo doloremque ipsam et. Molestiae cupiditate maxime quisquam ea cupiditate quis. In occaecati molestiae totam dolorum repellendus reiciendis saepe. Nihil et quia reprehenderit et harum pariatur.','2013-02-19 00:00:00','2020-07-11 00:00:00'),(111,111,11,2,'Consequatur vel quia magnam expedita. Dolorum debitis porro earum minus. Molestiae quisquam iusto ullam aspernatur et et. Laudantium temporibus atque enim iure facilis atque libero eveniet.','2013-02-19 00:00:00','2020-07-11 00:00:00'),(112,112,12,3,'Eum autem distinctio est dolorem alias. Numquam similique consequuntur et voluptatum. Eum eum quia qui amet.','2013-02-19 00:00:00','2020-07-11 00:00:00'),(113,113,13,2,'Voluptatem in asperiores molestias quis est sunt nam illo. Eum non debitis est.','2013-02-19 00:00:00','2020-07-11 00:00:00'),(114,114,14,5,'Et cumque aut voluptatum qui. Eum molestiae itaque cum eos non. Aliquam aut deleniti enim.','2013-02-19 00:00:00','2020-07-11 00:00:00'),(115,115,15,2,'Et et quidem consequuntur velit consequatur. Ipsa et debitis et et non. Rerum et voluptate cumque.','2013-02-19 00:00:00','2020-07-11 00:00:00'),(116,116,16,5,'Omnis excepturi fugit culpa doloremque. Dolorem doloremque ut ducimus eum perferendis eos. Provident at autem non aperiam iure.','2013-02-19 00:00:00','2020-07-11 00:00:00'),(117,117,17,4,'Quis tempora iure consequatur illo nostrum. Ut debitis qui sit quia. Et aut facere quod quis eveniet sapiente quis.','2013-02-19 00:00:00','2020-07-11 00:00:00'),(118,118,18,3,'Animi accusamus officia omnis qui rerum maxime et est. Rerum et sit rerum asperiores cumque.','2013-02-19 00:00:00','2020-07-11 00:00:00'),(119,119,19,2,'Sit ex at doloribus. Aspernatur consectetur aut eligendi sunt saepe praesentium. Maiores voluptatum facilis enim saepe non aut saepe et.','2013-02-19 00:00:00','2020-07-11 00:00:00'),(120,120,20,5,'Doloremque aut atque laborum consequuntur labore aut. Sit veniam quam quae occaecati quo saepe eaque. Quidem itaque aliquam excepturi officia illo earum.','2013-02-19 00:00:00','2020-07-11 00:00:00'),(121,121,21,4,'Explicabo saepe dicta possimus eum ducimus iste. Et ullam laboriosam maiores perferendis. Omnis consequatur neque hic distinctio autem rem sed. Velit iure labore in illo unde optio.','2013-02-19 00:00:00','2020-07-11 00:00:00'),(122,122,22,5,'Provident dicta dolores molestias est odit. Ut natus commodi nostrum libero numquam facilis sed a. Ad cupiditate voluptatem dignissimos eos et tempora qui.','2013-02-19 00:00:00','2020-07-11 00:00:00'),(123,123,23,5,'Quis incidunt a enim veritatis. Aut atque qui quisquam nobis voluptatem et debitis. Magni odio vel et nostrum.','2013-02-19 00:00:00','2020-07-11 00:00:00'),(124,124,24,3,'Cupiditate eveniet doloremque veniam beatae a blanditiis quo. Sed qui ea non aliquam optio provident.','2013-02-19 00:00:00','2020-07-11 00:00:00'),(125,125,25,1,'Et voluptate voluptatem velit asperiores. Totam quibusdam sunt aut quia. Aut aut repellat repellat aut consequuntur. Et architecto vero dolor at odit et cum.','2013-02-19 00:00:00','2020-07-11 00:00:00'),(126,126,26,3,'Consectetur natus aliquid ex quam. Totam voluptatem omnis aut. Non laborum inventore enim enim est est quia. Error sequi quasi suscipit necessitatibus dolor maxime eius.','2013-02-19 00:00:00','2020-07-11 00:00:00'),(127,127,27,3,'Delectus et assumenda aut expedita alias enim voluptatem necessitatibus. Ad aliquid voluptatem dolorum quo voluptatem quibusdam at vel. In cum corporis amet rem accusantium omnis vero.','2013-02-19 00:00:00','2020-07-11 00:00:00'),(128,128,28,5,'Doloribus cumque accusamus et laudantium. Placeat consectetur accusamus sapiente earum saepe odio. Dolores corporis fuga similique laborum tempora qui repellendus rerum. Cumque sunt velit aliquam sint aut fuga.','2013-02-19 00:00:00','2020-07-11 00:00:00'),(129,129,29,2,'Quia cumque a harum eligendi. Illum repellendus assumenda officiis enim atque sit. Voluptas eum nesciunt laboriosam. Vero ut aperiam excepturi eius ratione soluta.','2013-02-19 00:00:00','2020-07-11 00:00:00'),(130,130,30,3,'Repellat atque ex sint minus repudiandae ea. Amet alias ipsum non cupiditate sint aperiam.','2013-02-19 00:00:00','2020-07-11 00:00:00'),(131,131,31,1,'Possimus nisi nesciunt aut cumque in. Cum inventore iusto voluptatem et sit ipsam at. Iste placeat in autem quibusdam.','2013-02-19 00:00:00','2020-07-11 00:00:00'),(132,132,32,4,'Vitae alias optio doloribus. Consequatur sint ut et et. Eligendi consequatur libero qui blanditiis illo nemo. Occaecati et tenetur molestias et similique.','2013-02-19 00:00:00','2020-07-11 00:00:00'),(133,133,33,5,'Quis unde ducimus est velit vel quia facere. Distinctio et facere quis eligendi porro incidunt. Facere earum nihil facere qui ea voluptas dolorem. Ut consequatur numquam quod ipsum odit nemo.','2013-02-19 00:00:00','2020-07-11 00:00:00'),(134,134,34,3,'Ipsa perspiciatis necessitatibus provident eos et dolores est. Consequatur deleniti nulla officia fugit. Ex unde sint ad exercitationem dolores et. Unde quaerat soluta optio molestiae fugit excepturi illo.','2013-02-19 00:00:00','2020-07-11 00:00:00'),(135,135,35,5,'Et molestiae enim blanditiis iste. Modi sunt autem quia est quo. Magnam asperiores expedita quaerat nostrum iste placeat error. Fuga nulla atque corporis qui dolorum.','2013-02-19 00:00:00','2020-07-11 00:00:00'),(136,136,36,4,'Aperiam deleniti amet facilis minima. Quia neque iure blanditiis et. Dicta repellat recusandae in soluta voluptas quis qui. Quibusdam recusandae nemo nostrum culpa voluptatibus non. Quae iure quia sit dolores.','2013-02-19 00:00:00','2020-07-11 00:00:00'),(137,137,37,2,'Eius expedita laborum qui. Quis aperiam dicta aliquid nisi ea. Sit temporibus aut unde laborum et. Numquam accusantium quam et dignissimos earum. Aut qui ut quo quaerat eligendi earum sit illum.','2013-02-19 00:00:00','2020-07-11 00:00:00'),(138,138,38,1,'Quis est soluta doloremque praesentium. Dicta odio velit est sed ut delectus aliquam. Voluptatem est voluptatem rerum. Nemo quae non rem pariatur velit voluptatibus.','2013-02-19 00:00:00','2020-07-11 00:00:00'),(139,139,39,2,'Incidunt eos quia et commodi omnis. Atque dolorum ut incidunt. Tempore fugiat enim ut odit odio. Magni aspernatur omnis ea autem modi eaque.','2013-02-19 00:00:00','2020-07-11 00:00:00'),(140,140,40,5,'Dolores ad omnis perspiciatis voluptas eos vel officiis. Mollitia soluta et ex amet itaque qui.','2013-02-19 00:00:00','2020-07-11 00:00:00'),(141,141,41,1,'Eos sunt necessitatibus aliquid ut provident et debitis non. Illo numquam est nobis dolor laboriosam.','2013-02-19 00:00:00','2020-07-11 00:00:00'),(142,142,42,2,'Quasi minima adipisci laboriosam eligendi cum est. Ipsam aliquid perspiciatis reprehenderit consequatur vel consequuntur.','2013-02-19 00:00:00','2020-07-11 00:00:00'),(143,143,43,3,'Eos accusantium maxime illum. Est quia aut reprehenderit. Sapiente totam animi iusto quo.','2013-02-19 00:00:00','2020-07-11 00:00:00'),(144,144,44,3,'Repellat eum illo laudantium mollitia voluptas. Velit provident placeat expedita. Possimus est nobis ut sit sunt et. Accusamus magnam reprehenderit provident.','2013-02-19 00:00:00','2020-07-11 00:00:00'),(145,145,45,5,'Iusto voluptatum ducimus quos quod dolores possimus. Aspernatur ea distinctio excepturi autem excepturi consequatur praesentium. Laborum est id itaque et optio molestiae.','2013-02-19 00:00:00','2020-07-11 00:00:00'),(146,146,46,2,'Eum fuga eum accusamus neque voluptatem sit. Totam esse omnis dignissimos aliquid dolorem qui rerum. Voluptatem nemo modi dolore veritatis.','2013-02-19 00:00:00','2020-07-11 00:00:00'),(147,147,47,2,'Officiis voluptas iusto autem assumenda. Eum deleniti esse ad accusamus eaque cupiditate at. Et error consequatur qui. Mollitia ea rerum et iste quos.','2013-02-19 00:00:00','2020-07-11 00:00:00'),(148,148,48,4,'Alias non id molestias architecto alias fugiat corporis. Eos maxime quasi sed placeat provident facere voluptas. Nemo suscipit eveniet corrupti provident itaque omnis ab ut.','2013-02-19 00:00:00','2020-07-11 00:00:00'),(149,149,49,3,'Vitae voluptatem modi rerum sunt tempora consequuntur qui. Accusamus iste est maxime nesciunt tempora quia. Reprehenderit optio et eaque aliquam ducimus.','2013-02-19 00:00:00','2020-07-11 00:00:00'),(150,150,50,1,'Et saepe voluptas magni esse aspernatur aut odio. Soluta minima ducimus et sapiente fugit quia. Numquam quidem eveniet eum vero earum.','2013-02-19 00:00:00','2020-07-11 00:00:00'),(151,151,51,4,'Ipsa reiciendis rerum officiis nemo necessitatibus qui recusandae tenetur. Deserunt ut est libero. Rerum dignissimos placeat odit debitis quia necessitatibus rem.','2013-02-19 00:00:00','2020-07-11 00:00:00'),(152,152,52,5,'Et dolor aut labore eligendi itaque magnam. Excepturi sed qui qui perspiciatis architecto nobis.','2013-02-19 00:00:00','2020-07-11 00:00:00'),(153,153,53,3,'Nam iure saepe ut aliquid quibusdam. Non et consequatur aliquid error repudiandae minima et quos. Tempore autem aliquid voluptatem ratione est cupiditate.','2013-02-19 00:00:00','2020-07-11 00:00:00'),(154,154,54,1,'Qui odit voluptatem dolorem qui placeat doloribus. Quia et et ut molestiae. Aut aperiam fugiat totam possimus vitae.','2013-02-19 00:00:00','2020-07-11 00:00:00'),(155,155,55,1,'Eos asperiores a sunt voluptates voluptatem eos. Dolorem deserunt sit eum molestias maxime at excepturi quia. Qui est officiis non tempore cum.','2013-02-19 00:00:00','2020-07-11 00:00:00'),(156,156,56,3,'Perspiciatis vel ea architecto ducimus dicta. Ut voluptatem quisquam tempora et neque quam. Sed qui et recusandae officiis provident. Hic cumque autem aspernatur nihil saepe veniam.','2013-02-19 00:00:00','2020-07-11 00:00:00'),(157,157,57,4,'Sit quae sint sed aperiam. Fugiat harum placeat non totam. Qui maiores sed in vel dignissimos sint.','2013-02-19 00:00:00','2020-07-11 00:00:00'),(158,158,58,5,'Quam necessitatibus aspernatur reprehenderit earum repudiandae. Corporis deleniti blanditiis explicabo cumque velit ad id est. Et suscipit fuga nemo quam voluptas. Et asperiores inventore est est magnam.','2013-02-19 00:00:00','2020-07-11 00:00:00'),(159,159,59,4,'Vel atque doloribus nesciunt voluptatibus culpa debitis. Amet et sed ut vero. Doloribus non aut labore nemo ut iure.','2013-02-19 00:00:00','2020-07-11 00:00:00'),(160,160,60,3,'Tempore fugit perferendis id ea. Et quae ut officiis id et incidunt. Voluptas blanditiis sint ut sunt occaecati aut dolor.','2013-02-19 00:00:00','2020-07-11 00:00:00'),(161,161,61,1,'Autem dolorem et cumque aut ut quod harum voluptas. Et rerum voluptatem similique. Dolore necessitatibus illo et ex.','2013-02-19 00:00:00','2020-07-11 00:00:00'),(162,162,62,5,'Totam nisi et eius. Quos fugiat at voluptatum excepturi. Libero impedit autem voluptatum enim ea molestiae.','2013-02-19 00:00:00','2020-07-11 00:00:00'),(163,163,63,4,'Ex et est mollitia ullam beatae quasi. Non sunt vel rerum suscipit. Et voluptatem nihil ipsum vitae omnis pariatur.','2013-02-19 00:00:00','2020-07-11 00:00:00'),(164,164,64,1,'Fugit perferendis quia iusto voluptates expedita eius cumque. Occaecati corporis est dolores qui rem est dignissimos. Aliquid voluptatum voluptas voluptas accusantium impedit et unde sed. Quia facere facilis culpa non.','2013-02-19 00:00:00','2020-07-11 00:00:00'),(165,165,65,3,'Ut deleniti at molestias in atque. Quas et expedita ut ea. Aliquam velit non dolores error odio.','2013-02-19 00:00:00','2020-07-11 00:00:00'),(166,166,66,4,'Id alias voluptatibus et iste voluptatem quos excepturi. Non officiis qui repudiandae odio voluptates possimus molestiae. Soluta minima consequuntur dolores commodi consequatur et necessitatibus dolor.','2013-02-19 00:00:00','2020-07-11 00:00:00'),(167,167,67,4,'Libero qui quia fugit facere omnis. Repellendus aut itaque ipsa beatae aut nesciunt id. Libero quasi modi repellat odit.','2013-02-19 00:00:00','2020-07-11 00:00:00'),(168,168,68,2,'Ad non est quidem dolorum. Quae saepe labore ut voluptas ut dolorem. Sed aliquam rerum voluptatem quia reiciendis. Vel sed inventore soluta dignissimos et nisi.','2013-02-19 00:00:00','2020-07-11 00:00:00'),(169,169,69,2,'Explicabo iste et corporis hic sint repellat. Molestiae sed dolorem omnis. Qui ipsum molestiae cupiditate molestias sunt quos delectus.','2013-02-19 00:00:00','2020-07-11 00:00:00'),(170,170,70,2,'Officia eum totam ex vel sed aliquid eius. Id veniam incidunt voluptates aut. Nesciunt quos officia molestiae nihil et veritatis.','2013-02-19 00:00:00','2020-07-11 00:00:00'),(171,171,71,1,'Sint animi veniam debitis qui soluta. Quisquam impedit ullam ex cupiditate dolores voluptatem est. Repudiandae labore placeat sit beatae laborum.','2013-02-19 00:00:00','2020-07-11 00:00:00'),(172,172,72,2,'Voluptatem magni unde et omnis pariatur beatae velit sunt. Iusto atque nesciunt occaecati iure aut. Ea saepe non eveniet sunt quis vitae. Consequatur dolores aliquid sunt soluta quia. Incidunt ipsa doloribus qui.','2013-02-19 00:00:00','2020-07-11 00:00:00'),(173,173,73,5,'Voluptate voluptas tempore amet asperiores dolorum. Ut dolore ipsum error quaerat aut qui distinctio. Ab et aspernatur est ex aut reiciendis. Ea occaecati asperiores accusamus similique suscipit et enim.','2013-02-19 00:00:00','2020-07-11 00:00:00'),(174,174,74,3,'Quae corrupti voluptates quia perferendis ea consequuntur. Velit sapiente aut commodi ad facere ipsam ratione. A itaque nisi est.','2013-02-19 00:00:00','2020-07-11 00:00:00'),(175,175,75,2,'Quidem tenetur eos nobis reprehenderit omnis. Perspiciatis corrupti eos architecto est eius et. Dolor soluta fugiat non rerum vel cupiditate architecto. Ea voluptates non qui eaque deleniti.','2013-02-19 00:00:00','2020-07-11 00:00:00'),(176,176,76,2,'In voluptatem et pariatur ut dignissimos. Et voluptatem dolorum dolores amet et inventore aut. Aut ea aspernatur rerum ab minima enim a.','2013-02-19 00:00:00','2020-07-11 00:00:00'),(177,177,77,4,'Eveniet qui maiores pariatur vitae doloremque laborum soluta. Facilis et neque facilis laborum. Doloremque corrupti quod qui at eaque quis.','2013-02-19 00:00:00','2020-07-11 00:00:00'),(178,178,78,2,'Dolorum iste eos fuga iure. Reiciendis pariatur qui ratione dolore in repellendus dolor.','2013-02-19 00:00:00','2020-07-11 00:00:00'),(179,179,79,2,'Necessitatibus eum aperiam aspernatur sed. Voluptatibus ut ad expedita modi laudantium nemo. Aspernatur optio minima aspernatur aut vel rem est. Suscipit eveniet optio optio et rerum.','2013-02-19 00:00:00','2020-07-11 00:00:00'),(180,180,80,1,'Non modi similique quasi vel modi nisi aliquid neque. Aliquam maxime quae corrupti quod quos et maxime. Nostrum incidunt nam et rerum qui illum atque.','2013-02-19 00:00:00','2020-07-11 00:00:00'),(181,181,81,5,'Officia voluptatem odit totam est perferendis. Eos ullam provident nihil. Aliquam nisi reiciendis nulla saepe aspernatur qui facere. Enim quibusdam est ipsum et enim nisi.','2013-02-19 00:00:00','2020-07-11 00:00:00'),(182,182,82,5,'Voluptatem rerum illum autem qui non explicabo quo. Cumque exercitationem odit explicabo odit ipsa sit. Possimus accusamus et eos corrupti. Aliquam qui laudantium dolores.','2013-02-19 00:00:00','2020-07-11 00:00:00'),(183,183,83,2,'Modi minima voluptates sunt non eius tempore non rerum. Dolores dolore id vel mollitia voluptatem ad quaerat. Aut voluptatem et et. Exercitationem illum omnis unde quibusdam.','2013-02-19 00:00:00','2020-07-11 00:00:00'),(184,184,84,3,'Vel perferendis et et et quasi sapiente sit. In recusandae deserunt expedita. Ut perspiciatis inventore sint consequatur. Omnis laudantium nisi et porro consequatur.','2013-02-19 00:00:00','2020-07-11 00:00:00'),(185,185,85,2,'Dolor nemo asperiores tempore quasi ad porro qui. Harum eveniet excepturi et aliquam sit. Sapiente qui pariatur quae consequuntur nihil. Eum enim accusantium ratione amet.','2013-02-19 00:00:00','2020-07-11 00:00:00'),(186,186,86,1,'Velit neque soluta veritatis et alias. Eligendi omnis est optio velit. Rem odit dignissimos ullam aspernatur et.','2013-02-19 00:00:00','2020-07-11 00:00:00'),(187,187,87,3,'Consequatur voluptas natus nostrum officia aut hic nisi. Velit voluptatem totam omnis aut sit aut dolores.','2013-02-19 00:00:00','2020-07-11 00:00:00'),(188,188,88,4,'Commodi rerum doloribus sed deleniti iusto nobis accusantium. Ratione quos nesciunt et perspiciatis vitae fuga repellat. Ea suscipit similique officiis.','2013-02-19 00:00:00','2020-07-11 00:00:00'),(189,189,89,5,'Est voluptas exercitationem et qui error. Fuga omnis similique fuga vel sed. Sequi tempora accusamus a expedita rerum odit porro.','2013-02-19 00:00:00','2020-07-11 00:00:00'),(190,190,90,3,'Cumque doloribus iusto est odit nisi dolorem rerum. Nesciunt neque deleniti accusamus sunt nisi repellat aut. Veniam id et saepe iure. Ipsam rem rerum maiores eveniet error id ullam culpa.','2013-02-19 00:00:00','2020-07-11 00:00:00'),(191,191,91,2,'Omnis hic aut et fugit magnam sapiente deleniti. Excepturi quia possimus eos et. Nisi molestiae voluptatem et atque doloribus quia et.','2013-02-19 00:00:00','2020-07-11 00:00:00'),(192,192,92,5,'Quasi nam itaque molestiae illo ratione quo ut ipsum. Velit ipsum eum voluptas facilis non. Dolores vel non facere tenetur.','2013-02-19 00:00:00','2020-07-11 00:00:00'),(193,193,93,5,'Veniam repudiandae iusto nihil officia magnam et magnam facere. Est tempora iusto qui laborum. Sunt quia porro id.','2013-02-19 00:00:00','2020-07-11 00:00:00'),(194,194,94,2,'Hic accusamus accusantium aut iure odio quia sit. Earum dolorem molestiae et accusantium quam consequatur. Aut ut necessitatibus dolor a corporis incidunt.','2013-02-19 00:00:00','2020-07-11 00:00:00'),(195,195,95,3,'Nam enim consequatur aspernatur quidem ex voluptate veniam et. Vero minus aliquid nostrum. Quaerat facilis eos quidem quasi ut quos tempora. Est fugiat facere aut distinctio et.','2013-02-19 00:00:00','2020-07-11 00:00:00'),(196,196,96,1,'Eius laudantium ut dignissimos laborum alias et. Vero amet doloremque soluta dolorum id. Debitis hic quia saepe alias quia aut quas qui. Distinctio est omnis ipsum earum delectus culpa.','2013-02-19 00:00:00','2020-07-11 00:00:00'),(197,197,97,5,'Vero corrupti debitis quisquam minima omnis laboriosam iure. Sequi inventore et est aspernatur voluptas facere culpa et. Ullam aut eos et distinctio. Facere adipisci nisi expedita et accusantium.','2013-02-19 00:00:00','2020-07-11 00:00:00'),(198,198,98,5,'Harum perspiciatis quis modi eum accusantium. Officia assumenda molestiae voluptatum modi laborum.','2013-02-19 00:00:00','2020-07-11 00:00:00'),(199,199,99,3,'Atque sed quibusdam et dolorum qui et. Adipisci quia quos est quo eos dolorem quaerat harum. Sed iure beatae eum qui culpa.','2013-02-19 00:00:00','2020-07-11 00:00:00'),(200,200,100,3,'Aut occaecati quos ad aspernatur eum sed dicta. Perspiciatis nisi est iste dolorum. Neque qui labore possimus laudantium quam.','2013-02-19 00:00:00','2020-07-11 00:00:00'),(201,201,1,5,'Repellat consequatur iusto dolore consequatur nihil. Libero qui omnis sunt aut voluptate nihil. Numquam nisi consequuntur ducimus ab consequatur iusto architecto quia. Similique magnam qui quibusdam. Voluptatem voluptas voluptates officiis eligendi reiciendis nisi fuga.','2013-02-19 00:00:00','2020-07-11 00:00:00'),(202,202,2,3,'Fugiat sed expedita doloribus perspiciatis atque aliquam. Iure iusto voluptas soluta aliquam necessitatibus recusandae. Doloribus voluptatem aliquam sint eius ut assumenda. In sed dignissimos itaque beatae rerum consequatur placeat.','2013-02-19 00:00:00','2020-07-11 00:00:00'),(203,203,3,1,'Et qui aliquam voluptate consequatur illo sequi. Molestiae distinctio suscipit tempore et. Officiis vero sapiente assumenda dolores sequi qui accusantium adipisci. Vero velit molestiae repudiandae omnis deleniti explicabo.','2013-02-19 00:00:00','2020-07-11 00:00:00'),(204,204,4,1,'Quaerat minima consequatur sed deserunt quo porro nisi. Quia voluptate unde qui voluptate id consectetur quae. Quia illum quis aut iure asperiores. Sed repellendus omnis et voluptatem itaque.','2013-02-19 00:00:00','2020-07-11 00:00:00'),(205,205,5,2,'Voluptatem quidem non provident atque. Qui dolor voluptate nisi laudantium. Dolorum commodi velit sapiente dolor aut.','2013-02-19 00:00:00','2020-07-11 00:00:00'),(206,206,6,4,'Qui accusantium blanditiis eius molestias beatae eligendi nemo. Iusto repellat modi neque laudantium totam. Ipsam et quis itaque eligendi molestiae magni ut nihil.','2013-02-19 00:00:00','2020-07-11 00:00:00'),(207,207,7,3,'Sunt atque sed molestias pariatur. Veniam veniam at temporibus in aliquam. Dignissimos omnis suscipit excepturi in debitis quo.','2013-02-19 00:00:00','2020-07-11 00:00:00'),(208,208,8,5,'Et mollitia sed minima odit doloribus. Magni ea ab aut fuga mollitia omnis velit impedit. Quasi similique assumenda dolorem. Consequatur repudiandae recusandae neque provident recusandae. Ipsa vel vel aliquid.','2013-02-19 00:00:00','2020-07-11 00:00:00'),(209,209,9,1,'Aliquid culpa reprehenderit atque enim ipsam quia dicta. Illum non vel magnam et ex et. Exercitationem libero magnam eius minus pariatur.','2013-02-19 00:00:00','2020-07-11 00:00:00'),(210,210,10,4,'Ut voluptatem consectetur dolorem eum esse. Sequi molestiae id sint. Excepturi nulla tenetur architecto dolore.','2013-02-19 00:00:00','2020-07-11 00:00:00'),(211,211,11,2,'Et sit nisi et ut itaque est. Libero sunt rerum ipsa sed tenetur voluptas in qui. Qui voluptatibus laborum harum pariatur rerum dolorem inventore. Numquam quia facilis commodi. Et laudantium voluptatum voluptas aut omnis porro fuga.','2013-02-19 00:00:00','2020-07-11 00:00:00'),(212,212,12,4,'Eius cupiditate omnis quia quos. Sit omnis et voluptatem. Velit velit et nesciunt officiis quis sapiente quam.','2013-02-19 00:00:00','2020-07-11 00:00:00'),(213,213,13,5,'Autem est soluta nobis delectus ea et distinctio. Vel id deleniti dignissimos et dolor neque. Tempora dolorum quo modi porro qui et. In ullam et libero consequatur enim aperiam.','2013-02-19 00:00:00','2020-07-11 00:00:00'),(214,214,14,5,'Quibusdam illo tenetur eligendi. Cumque at sequi voluptatem eum fugit est. Ipsa ea architecto delectus officiis voluptate provident quos rerum. Aut ipsum porro qui reprehenderit ea rerum. Hic dolores est odit delectus impedit quia at est.','2013-02-19 00:00:00','2020-07-11 00:00:00'),(215,215,15,5,'Rerum at recusandae ea fuga. Nesciunt sit amet qui. Est perspiciatis fugiat vero id mollitia in. Ad est ducimus accusantium et et nam.','2013-02-19 00:00:00','2020-07-11 00:00:00'),(216,216,16,3,'Voluptatem cum incidunt tempora facilis eos nobis. Tempora ea corporis adipisci autem omnis deleniti quae necessitatibus. Facilis numquam dicta nemo ipsum expedita voluptates. Ex qui ratione minima sequi.','2013-02-19 00:00:00','2020-07-11 00:00:00'),(217,217,17,3,'Ullam et nihil rem est quis. Animi repellat ut quis magni nobis et molestias.','2013-02-19 00:00:00','2020-07-11 00:00:00'),(218,218,18,1,'Mollitia consequatur atque velit voluptatem aliquid eum. Est voluptatibus sed ipsam amet magnam. Ab voluptatem nulla nulla error. Laboriosam minus fugit molestiae expedita perferendis tempora.','2013-02-19 00:00:00','2020-07-11 00:00:00'),(219,219,19,1,'Et iure nobis pariatur veritatis. Dolores et autem porro quia. Sit distinctio quia autem ut amet ut saepe.','2013-02-19 00:00:00','2020-07-11 00:00:00'),(220,220,20,4,'Nesciunt voluptate voluptates sit voluptatibus voluptatem. Debitis est et nemo ad ex. Doloribus enim at quo laborum fugiat nihil. Accusamus ipsum enim maiores est.','2013-02-19 00:00:00','2020-07-11 00:00:00'),(221,221,21,2,'Itaque animi aut ab. Magnam est laborum pariatur consectetur temporibus consectetur. Molestiae autem consequuntur hic non enim iusto velit.','2013-02-19 00:00:00','2020-07-11 00:00:00'),(222,222,22,5,'Accusantium eaque rerum tempore ea dicta. Aut magni vitae est dolorem nisi et consectetur perspiciatis. Iure rem aut eveniet quia corporis aut. Debitis labore voluptatibus sunt et distinctio at architecto.','2013-02-19 00:00:00','2020-07-11 00:00:00'),(223,223,23,1,'Illo et ipsum corporis doloremque. Mollitia praesentium molestiae sequi iste repellendus quae fuga quo. Et autem aliquid sint sapiente autem voluptates dicta atque. Eum et libero voluptatem ad enim accusamus.','2013-02-19 00:00:00','2020-07-11 00:00:00'),(224,224,24,1,'Quisquam temporibus eum maxime maxime quis vitae et. Error facilis officiis porro asperiores dolorum rerum. Provident cupiditate quo quos sit. Nobis eligendi corporis placeat earum nesciunt omnis.','2013-02-19 00:00:00','2020-07-11 00:00:00'),(225,225,25,5,'Nam explicabo aliquam placeat et veritatis ut. Est molestias consequatur voluptate tenetur et omnis. Necessitatibus sit omnis quae et porro totam. Dolorem omnis dolor fugit reprehenderit harum.','2013-02-19 00:00:00','2020-07-11 00:00:00'),(226,226,26,3,'Vero natus esse iste quia. Non et iste voluptatum rerum. Tempora a est voluptatum non ut.','2013-02-19 00:00:00','2020-07-11 00:00:00'),(227,227,27,2,'Facere odio mollitia sint eum tempora quas eaque. Explicabo sit repellat voluptatem expedita. Iste est tempora aut magnam similique.','2013-02-19 00:00:00','2020-07-11 00:00:00'),(228,228,28,1,'Provident qui aut velit explicabo dolores tenetur sit aut. Dolorum quisquam est voluptas libero praesentium accusamus totam. Et consequatur voluptate laborum reprehenderit quas dolor aut ab.','2013-02-19 00:00:00','2020-07-11 00:00:00'),(229,229,29,1,'Quis delectus est quo. Quia voluptates deleniti consequatur. Dolorem nulla sit sit eos quis cupiditate sed saepe. Et qui aspernatur sapiente rerum ea quis.','2013-02-19 00:00:00','2020-07-11 00:00:00'),(230,230,30,3,'Dolor fugiat expedita nulla nihil sed. Aliquid aut rem sit repellendus facilis. Porro et eum eveniet adipisci rerum ut.','2013-02-19 00:00:00','2020-07-11 00:00:00'),(231,231,31,4,'Fuga nihil qui facere velit. Nobis dolor et odit impedit quae aut qui. Error omnis commodi velit voluptatum. Dolor iusto qui illum cumque suscipit et.','2013-02-19 00:00:00','2020-07-11 00:00:00'),(232,232,32,5,'Consequatur eligendi maxime minus amet enim quas doloribus. Accusantium doloremque quis ut facilis omnis maxime. Voluptate sit consequuntur voluptatum quia eum dolor. Id nobis eum saepe iste perferendis non similique praesentium.','2013-02-19 00:00:00','2020-07-11 00:00:00'),(233,233,33,5,'Assumenda cum nihil aliquid suscipit. Facilis et hic a. Maxime voluptas quis porro omnis neque aspernatur eos.','2013-02-19 00:00:00','2020-07-11 00:00:00'),(234,234,34,2,'Aspernatur voluptas sed placeat corrupti sit ut. Consequatur quam officiis quos tenetur enim at quos. Fugit molestias nam aspernatur distinctio saepe ab.','2013-02-19 00:00:00','2020-07-11 00:00:00'),(235,235,35,5,'Modi odit non dolore laborum non aspernatur. Accusamus exercitationem iure harum doloribus. Reiciendis tenetur labore cupiditate consequatur non esse. Sit odit voluptas atque fugiat.','2013-02-19 00:00:00','2020-07-11 00:00:00'),(236,236,36,2,'Molestiae dolorem accusamus aperiam. Dolorem atque iure fuga molestiae incidunt. Omnis omnis quis laudantium iure consequatur. Fuga vitae in laudantium adipisci a.','2013-02-19 00:00:00','2020-07-11 00:00:00'),(237,237,37,5,'Recusandae aperiam voluptas molestias at ipsum eveniet. Voluptatem quisquam vero ut facilis. Et amet dolorem sed. Quae nulla et non. Repudiandae quaerat voluptatem sed omnis.','2013-02-19 00:00:00','2020-07-11 00:00:00'),(238,238,38,4,'Libero omnis et quo aut. Qui beatae aut id nisi. Ab ullam quisquam autem. Ut omnis dolore molestias illo dolor fuga.','2013-02-19 00:00:00','2020-07-11 00:00:00'),(239,239,39,2,'Neque error omnis odio nemo et magnam excepturi. Qui soluta et ut esse.','2013-02-19 00:00:00','2020-07-11 00:00:00'),(240,240,40,2,'Sit odio architecto perspiciatis maxime omnis. Nesciunt inventore fugiat quas cupiditate. Quaerat laborum consequatur dolor.','2013-02-19 00:00:00','2020-07-11 00:00:00'),(241,241,41,4,'Voluptatem enim facere nam laboriosam in. A enim rerum a et. Eaque sed soluta et ipsa laudantium et quia minus. Tempora in suscipit ut blanditiis suscipit.','2013-02-19 00:00:00','2020-07-11 00:00:00'),(242,242,42,1,'Et totam at laboriosam repellat dicta facere. Aut a nostrum ab non.','2013-02-19 00:00:00','2020-07-11 00:00:00'),(243,243,43,3,'Dolores ut aut voluptate omnis consequatur neque odit vel. Deserunt et iusto ut saepe facere dignissimos. Est error est error excepturi.','2013-02-19 00:00:00','2020-07-11 00:00:00'),(244,244,44,4,'Distinctio qui dolor totam quia. Modi est ut deleniti quae. Eum et sit sapiente. Autem beatae mollitia sit dolorum totam.','2013-02-19 00:00:00','2020-07-11 00:00:00'),(245,245,45,5,'Nobis et quidem sed ut adipisci earum. Dignissimos eius ea eaque id. Repudiandae ipsam qui fugit possimus voluptatem sunt. Temporibus et sit asperiores non vel eius praesentium.','2013-02-19 00:00:00','2020-07-11 00:00:00'),(246,246,46,1,'Temporibus sequi non eaque voluptas. Ut facere dolores molestiae exercitationem quia a voluptatem. Iure est voluptatem earum dolor aliquid consequatur. Qui non voluptatum alias magnam est voluptatibus beatae.','2013-02-19 00:00:00','2020-07-11 00:00:00'),(247,247,47,3,'Est id voluptatem dolorum rerum dolorum at tempore. Doloremque voluptas voluptates laboriosam velit.','2013-02-19 00:00:00','2020-07-11 00:00:00'),(248,248,48,3,'Sit libero eligendi nam perspiciatis et eaque. Cum amet eos voluptatem rerum molestiae debitis. Consequatur ducimus ratione ut aut est.','2013-02-19 00:00:00','2020-07-11 00:00:00'),(249,249,49,5,'Veritatis a vero consequatur. Quidem voluptatibus sed qui ea aut. Nobis voluptatem ducimus provident dolorum sed asperiores.','2013-02-19 00:00:00','2020-07-11 00:00:00'),(250,250,50,1,'Sed velit illo officiis provident provident. Porro quia eos suscipit repellendus repellat. Sunt quia inventore ipsum porro alias. Repellat molestiae asperiores expedita tempore voluptates velit ea.','2013-02-19 00:00:00','2020-07-11 00:00:00'),(251,251,51,5,'Totam hic odit at dolores molestias iusto. Sed dolorem neque et beatae optio. Ut optio minima iste id repellat iusto aut. Ratione sed quod et et aliquam minima rerum amet. Unde id iste sit modi autem.','2013-02-19 00:00:00','2020-07-11 00:00:00'),(252,252,52,1,'Et et blanditiis adipisci incidunt iusto. Dolores ea aut at deserunt.','2013-02-19 00:00:00','2020-07-11 00:00:00'),(253,253,53,4,'Inventore sed fuga ipsa delectus dicta et. Aut architecto minima illo ad quo. Dolor sit quaerat impedit quia et non repellat. Quos corporis libero et unde non praesentium.','2013-02-19 00:00:00','2020-07-11 00:00:00'),(254,254,54,2,'Sapiente nulla iusto quia quo nihil debitis. Corrupti earum recusandae doloribus dicta fugit quia molestias. Praesentium ex nihil eos et enim exercitationem voluptatibus.','2013-02-19 00:00:00','2020-07-11 00:00:00'),(255,255,55,1,'Rerum modi repellendus consectetur quia. Optio sequi non qui deleniti. Accusantium deserunt ea aut beatae et aut quis.','2013-02-19 00:00:00','2020-07-11 00:00:00'),(256,256,56,5,'Ut alias ad voluptatum magnam aut deserunt. Dolor esse veniam similique ea. Dolorum nam velit sit officiis. Aut eius reprehenderit dignissimos incidunt saepe quidem aliquid modi.','2013-02-19 00:00:00','2020-07-11 00:00:00'),(257,257,57,3,'Beatae sit natus omnis dolore ut quae dignissimos. Placeat nobis id eum non sunt eos nam. Voluptatem maiores ut voluptatibus neque et corrupti. Iusto nemo sed sunt itaque autem soluta.','2013-02-19 00:00:00','2020-07-11 00:00:00'),(258,258,58,4,'Modi unde ut praesentium fuga. Veritatis nemo nobis quia omnis cumque nulla.','2013-02-19 00:00:00','2020-07-11 00:00:00'),(259,259,59,4,'Laborum impedit illum voluptatum ut. Aut dolorem dolorem tempore accusantium.','2013-02-19 00:00:00','2020-07-11 00:00:00'),(260,260,60,2,'Expedita provident sed et a et culpa reiciendis. Placeat in quas quidem consequatur et et. Dolorem quia vel molestiae maxime odit minus harum.','2013-02-19 00:00:00','2020-07-11 00:00:00'),(261,261,61,5,'Repellat perferendis veritatis et voluptas accusamus eos. Excepturi et aut beatae incidunt esse ut enim. Laborum et debitis qui ullam odio.','2013-02-19 00:00:00','2020-07-11 00:00:00'),(262,262,62,2,'Consectetur nisi accusantium nesciunt iste commodi architecto animi. Quo consectetur dolorum maiores et ea voluptatem.','2013-02-19 00:00:00','2020-07-11 00:00:00'),(263,263,63,1,'Maiores voluptatem culpa reprehenderit. Consequatur iste natus nihil qui. Delectus aut autem expedita debitis omnis.','2013-02-19 00:00:00','2020-07-11 00:00:00'),(264,264,64,1,'Non nobis aut laudantium culpa voluptatem perspiciatis. Quibusdam quas qui odio eius. Deleniti nam aut dolore voluptatibus blanditiis.','2013-02-19 00:00:00','2020-07-11 00:00:00'),(265,265,65,5,'Ut sit aut quisquam quaerat illum suscipit at id. Laborum dolores voluptas autem dolor doloribus consequuntur. Ullam aspernatur architecto asperiores sint esse pariatur sunt saepe. Qui et aut tempore aut rerum.','2013-02-19 00:00:00','2020-07-11 00:00:00'),(266,266,66,4,'Et tempore et qui numquam. Facere libero explicabo iure itaque sed delectus magnam. Dignissimos qui minus voluptates dolor nesciunt neque tenetur ut.','2013-02-19 00:00:00','2020-07-11 00:00:00'),(267,267,67,2,'Minus in voluptatem hic voluptatem atque voluptate. Eum et reiciendis suscipit et veritatis repudiandae sit. Quis molestiae unde quam dolores soluta sit a.','2013-02-19 00:00:00','2020-07-11 00:00:00'),(268,268,68,4,'Itaque et sunt id quo placeat. Reprehenderit commodi dolorum laborum ab iusto vel. Quibusdam sed sed est ipsum hic.','2013-02-19 00:00:00','2020-07-11 00:00:00'),(269,269,69,3,'Est minima vitae eius. Autem nihil iure voluptate dolore sed facilis. Dolor enim debitis qui debitis illum.','2013-02-19 00:00:00','2020-07-11 00:00:00'),(270,270,70,3,'Et fugiat exercitationem occaecati consequatur. Odio repellat dolor id tempora quia et. Omnis rem aliquam animi praesentium incidunt perferendis. Ut cum laboriosam expedita blanditiis.','2013-02-19 00:00:00','2020-07-11 00:00:00'),(271,271,71,1,'Doloremque asperiores numquam placeat doloribus et. Mollitia excepturi accusamus velit tempore eaque. Illo quos perferendis consequatur corrupti repellat molestiae qui. Officiis rerum voluptatibus incidunt expedita.','2013-02-19 00:00:00','2020-07-11 00:00:00'),(272,272,72,2,'Nobis nihil et minus enim. Et saepe quia facilis. Necessitatibus inventore autem eos porro mollitia impedit. Quia dicta reiciendis et debitis.','2013-02-19 00:00:00','2020-07-11 00:00:00'),(273,273,73,5,'Est similique eum ea nulla molestias sunt quis. Quidem tempora vitae inventore est consequuntur id illum repellat. Corrupti maxime error omnis cupiditate. Et ratione libero sint eum voluptatem et.','2013-02-19 00:00:00','2020-07-11 00:00:00'),(274,274,74,4,'Accusamus ab id fuga aliquid molestias. Odit dolorem earum eum. Ea beatae itaque nesciunt porro dolorum laudantium. Non eos quo qui et qui rem est sit.','2013-02-19 00:00:00','2020-07-11 00:00:00'),(275,275,75,4,'Possimus aspernatur ipsam omnis ad explicabo cupiditate voluptatem est. Voluptatibus veritatis ex dolores aliquid quia ipsum sit. Asperiores voluptas et dignissimos veritatis omnis. Adipisci ipsam quam illum. Beatae vel accusantium eos explicabo cumque.','2013-02-19 00:00:00','2020-07-11 00:00:00'),(276,276,76,5,'Eum ad culpa voluptas voluptatem voluptas porro similique id. Exercitationem ab non quos nam.','2013-02-19 00:00:00','2020-07-11 00:00:00'),(277,277,77,2,'Beatae odit quia eum cupiditate molestias velit. Iusto eos enim accusantium ea. Maiores numquam doloribus quia sit atque et. Voluptas asperiores consequatur quia aut quia.','2013-02-19 00:00:00','2020-07-11 00:00:00'),(278,278,78,5,'Ut quasi consectetur nostrum maxime. Minus assumenda accusamus et aut eveniet. Beatae soluta natus sit accusantium ratione. Omnis voluptatibus odit amet.','2013-02-19 00:00:00','2020-07-11 00:00:00'),(279,279,79,3,'Placeat laborum accusantium commodi dolorem et quod. Totam nostrum neque culpa. Quia iure adipisci laudantium dolor fugit sit porro.','2013-02-19 00:00:00','2020-07-11 00:00:00'),(280,280,80,5,'Non sit ea ad perspiciatis dignissimos consequatur et. Eum soluta quaerat et rerum a. Cumque dolorem voluptates ea nostrum veniam veritatis. Et nesciunt illum quibusdam reprehenderit quae et. Nobis reprehenderit dolorum dolores eum necessitatibus sunt eius.','2013-02-19 00:00:00','2020-07-11 00:00:00'),(281,281,81,5,'Sed quas illo eligendi saepe consequatur enim numquam. Non nisi cupiditate laboriosam non voluptas aperiam illum porro. Quas temporibus quibusdam facilis vel voluptates alias officiis. Quis ut quaerat sunt et et modi hic.','2013-02-19 00:00:00','2020-07-11 00:00:00'),(282,282,82,4,'Ut debitis consequuntur voluptatibus quidem quam dolores placeat. Ipsa commodi magnam dicta est. Voluptas vel a in et nostrum voluptas quo.','2013-02-19 00:00:00','2020-07-11 00:00:00'),(283,283,83,4,'Ut dolore minus a ipsam explicabo ut. Sunt aliquid magnam consequatur autem. Iure excepturi magnam amet. Neque dolor sint laboriosam.','2013-02-19 00:00:00','2020-07-11 00:00:00'),(284,284,84,5,'Officia est qui ipsum quo pariatur ut qui. Quia earum libero deserunt nulla quia. Officia iusto cupiditate vero qui saepe rerum qui qui. Assumenda facere aut qui neque assumenda nisi.','2013-02-19 00:00:00','2020-07-11 00:00:00'),(285,285,85,4,'Doloribus possimus unde deserunt temporibus esse laudantium iusto. Ex porro labore aut qui aut sequi. Animi ratione tenetur ratione quod. Nulla optio exercitationem eum ut et.','2013-02-19 00:00:00','2020-07-11 00:00:00'),(286,286,86,5,'Recusandae tenetur rerum id omnis deleniti similique. Vero ex aut animi. Et necessitatibus aut quam.','2013-02-19 00:00:00','2020-07-11 00:00:00'),(287,287,87,1,'Dolor optio sed possimus debitis ea officiis sit quidem. Voluptas necessitatibus ullam vel ipsa inventore qui optio. Enim unde modi est nesciunt incidunt est. Est id et quis autem saepe molestiae placeat.','2013-02-19 00:00:00','2020-07-11 00:00:00'),(288,288,88,1,'Accusantium qui quasi sunt. Et voluptatum est libero vitae. Aliquid doloribus molestiae soluta nemo et.','2013-02-19 00:00:00','2020-07-11 00:00:00'),(289,289,89,1,'Eligendi dignissimos quam omnis et exercitationem ab fugiat. Dolorem et quis libero velit quo adipisci. Sit illo voluptatem exercitationem doloremque rerum nostrum doloribus. Qui cumque numquam amet nobis.','2013-02-19 00:00:00','2020-07-11 00:00:00'),(290,290,90,1,'Saepe eum eum eaque qui exercitationem voluptatem. Qui delectus rerum earum a ipsum. Quis tempora ipsum placeat hic repellendus voluptas aut.','2013-02-19 00:00:00','2020-07-11 00:00:00'),(291,291,91,1,'Expedita cum sunt est ut aut. Alias et est ad placeat aut non.','2013-02-19 00:00:00','2020-07-11 00:00:00'),(292,292,92,1,'Soluta sint occaecati praesentium atque. Rerum non aut impedit iste. In repellendus quia at commodi ratione ut aut.','2013-02-19 00:00:00','2020-07-11 00:00:00'),(293,293,93,5,'Amet voluptas sequi velit a voluptatem delectus. Quidem voluptas itaque sequi harum. Iure id ut et corporis quo vel quaerat.','2013-02-19 00:00:00','2020-07-11 00:00:00'),(294,294,94,4,'Velit et cumque qui consequatur doloribus. Ipsum nemo qui saepe sed et libero in. Vitae dolorem perferendis perferendis quo est qui. Doloribus suscipit veritatis sunt quis sunt consequatur et.','2013-02-19 00:00:00','2020-07-11 00:00:00'),(295,295,95,2,'Expedita non et commodi aut. Molestias exercitationem alias iure. Est corporis nihil vitae sint autem ducimus.','2013-02-19 00:00:00','2020-07-11 00:00:00'),(296,296,96,3,'Ab suscipit perspiciatis sit veniam aperiam. Error quia rem id aut perspiciatis laudantium corrupti. Provident dolores modi ut iste.','2013-02-19 00:00:00','2020-07-11 00:00:00'),(297,297,97,3,'Sunt repellat qui ut. Rerum dolor facilis mollitia eligendi facilis. Praesentium rerum doloribus consequuntur et id voluptas commodi. Aliquam culpa rerum tempore ratione et aut.','2013-02-19 00:00:00','2020-07-11 00:00:00'),(298,298,98,3,'Beatae enim autem voluptates voluptas et sit reiciendis est. Quos consequatur incidunt alias dolor corporis. A illum aut ratione at tempora quod reprehenderit.','2013-02-19 00:00:00','2020-07-11 00:00:00'),(299,299,99,3,'Vero iste et aspernatur est. Quo voluptas aut culpa sed. Harum qui velit ut quis quibusdam placeat. Et totam officia soluta animi. Aut quia quas consequatur eius.','2013-02-19 00:00:00','2020-07-11 00:00:00'),(300,300,100,5,'Sed qui reiciendis quasi omnis. Et dolor rerum sed voluptatibus rerum. Facere nihil ducimus suscipit sit est. Maiores eveniet impedit ipsa sint.','2013-02-19 00:00:00','2020-07-11 00:00:00'),(301,301,1,4,'Ex occaecati et labore minima nisi voluptatum. Tempore id quasi id ut natus. Exercitationem error tempore non nemo ab mollitia vel. Hic temporibus corrupti omnis qui omnis.','2013-02-19 00:00:00','2020-07-11 00:00:00'),(302,302,2,5,'Enim sint distinctio voluptas doloribus doloribus. Doloremque necessitatibus et cumque qui ut. Asperiores quis possimus eos eius atque totam dolores.','2013-02-19 00:00:00','2020-07-11 00:00:00'),(303,303,3,1,'Dolorum labore modi ab quam. Facilis deleniti et distinctio et aut adipisci. Illo laboriosam explicabo ex. Facilis blanditiis et quis reiciendis neque et quidem.','2013-02-19 00:00:00','2020-07-11 00:00:00'),(304,304,4,5,'Corrupti voluptatem voluptas doloribus provident pariatur voluptatum et. Adipisci ratione autem vel optio. Iste rerum quaerat porro ea libero.','2013-02-19 00:00:00','2020-07-11 00:00:00'),(305,305,5,1,'Suscipit itaque iure ut quod soluta nesciunt consequatur. Sint quisquam et voluptas autem. Nihil consequatur enim delectus harum. Omnis et ut facere in praesentium suscipit aliquid.','2013-02-19 00:00:00','2020-07-11 00:00:00'),(306,306,6,2,'Rerum eum optio velit id blanditiis. Pariatur perspiciatis enim laboriosam doloremque nisi. Ratione enim exercitationem ut assumenda rem. Voluptates dolorem est explicabo aliquam.','2013-02-19 00:00:00','2020-07-11 00:00:00'),(307,307,7,4,'Animi ea quisquam sunt veniam hic ut sint voluptatem. Autem aut eveniet dolor iste omnis dolores. Amet sapiente aut eos quia sit. At nam tenetur fugit cum reprehenderit illo velit.','2013-02-19 00:00:00','2020-07-11 00:00:00'),(308,308,8,1,'Soluta facilis eligendi vel voluptates adipisci fuga molestiae. Aliquam ut debitis qui distinctio sapiente. Non nobis voluptatem cumque aut provident ipsam deleniti soluta.','2013-02-19 00:00:00','2020-07-11 00:00:00'),(309,309,9,5,'Consequatur architecto ipsam est accusamus. Illum ab nemo sed aliquam ab. Ipsum enim magnam recusandae voluptas quis eligendi qui. Quos explicabo vel sint vitae ducimus praesentium.','2013-02-19 00:00:00','2020-07-11 00:00:00'),(310,310,10,1,'Iusto sit repellat eum mollitia odio amet et. At deserunt vel asperiores dolore hic eveniet. Et omnis sed recusandae iusto dolores quo. Est quisquam aut soluta et et vel.','2013-02-19 00:00:00','2020-07-11 00:00:00'),(311,311,11,4,'Sunt quo et blanditiis unde. Suscipit omnis id est quo ullam.','2013-02-19 00:00:00','2020-07-11 00:00:00'),(312,312,12,3,'Ut rem deleniti aut ipsam. Vel accusamus quam labore veritatis harum velit. Et labore rerum quo eum repudiandae harum.','2013-02-19 00:00:00','2020-07-11 00:00:00'),(313,313,13,2,'Saepe sunt et illum molestiae. Architecto odit aspernatur quia qui. Eum qui reprehenderit error expedita.','2013-02-19 00:00:00','2020-07-11 00:00:00'),(314,314,14,2,'Velit nihil aut eius reprehenderit. Minima animi est et reiciendis et repellendus itaque. Molestiae eos veniam consequatur sunt dignissimos.','2013-02-19 00:00:00','2020-07-11 00:00:00'),(315,315,15,4,'Non at quas cum et. Sit quia molestiae aut molestias quaerat.','2013-02-19 00:00:00','2020-07-11 00:00:00'),(316,316,16,2,'Quasi placeat fugit error aut et culpa sed. Quia dolorum voluptas enim non.','2013-02-19 00:00:00','2020-07-11 00:00:00'),(317,317,17,4,'Quia ipsum dolore ipsam commodi. Cum placeat molestias animi deserunt fugit. Similique et quam quasi ea ab nisi voluptatem excepturi.','2013-02-19 00:00:00','2020-07-11 00:00:00'),(318,318,18,3,'Labore quod suscipit ducimus optio autem eligendi sit. Dicta nulla placeat rem omnis. Pariatur occaecati in quos accusantium rem id ut.','2013-02-19 00:00:00','2020-07-11 00:00:00'),(319,319,19,1,'Quaerat quam laboriosam consectetur laboriosam eveniet quasi. Beatae velit quia autem aliquam cupiditate quasi. Perspiciatis sunt eum explicabo illum. Itaque omnis quam quidem ut.','2013-02-19 00:00:00','2020-07-11 00:00:00'),(320,320,20,3,'Molestias non enim suscipit. Dignissimos quod molestias atque aspernatur aut dolorem aspernatur. Fugit voluptas aliquid labore omnis ut earum sit. Atque magnam provident occaecati est debitis veritatis a quia.','2013-02-19 00:00:00','2020-07-11 00:00:00'),(321,321,21,4,'Rerum illum aliquam nihil facere. Hic necessitatibus deserunt excepturi voluptatem. Omnis non aliquam voluptatem iste quis. Rerum repellat officia consequatur. Non minima optio ab totam ipsum.','2013-02-19 00:00:00','2020-07-11 00:00:00'),(322,322,22,1,'Pariatur ipsa nihil a velit. Vel expedita voluptas dolor inventore labore architecto. Ipsa tenetur ut provident sunt.','2013-02-19 00:00:00','2020-07-11 00:00:00'),(323,323,23,1,'Reiciendis voluptatibus accusamus sapiente qui quidem sequi. Asperiores non eum repudiandae consequatur ratione quia. Quia necessitatibus aperiam quam error et dolorem.','2013-02-19 00:00:00','2020-07-11 00:00:00'),(324,324,24,1,'Libero inventore corporis earum deserunt necessitatibus. Sint laboriosam aspernatur atque harum est numquam. Et architecto labore ab ut magnam rerum. Qui nobis aperiam ea consequuntur eum deserunt. Et exercitationem voluptate est consequatur consequatur cum.','2013-02-19 00:00:00','2020-07-11 00:00:00'),(325,325,25,1,'Molestias voluptatem laborum magni ad quod ullam. Laboriosam optio inventore nulla odio. Ducimus ut tempora magni eius rerum tempore.','2013-02-19 00:00:00','2020-07-11 00:00:00'),(326,326,26,3,'Molestiae maxime cupiditate inventore est dolor qui tempore. Similique molestiae voluptatem laudantium architecto. Labore sequi neque accusantium et minus aut.','2013-02-19 00:00:00','2020-07-11 00:00:00'),(327,327,27,4,'Iure alias eos ipsa quos dicta ipsa ipsum. Magni quia ut ut mollitia. Aut optio similique rem. Tenetur modi vel omnis iusto deleniti ad nesciunt.','2013-02-19 00:00:00','2020-07-11 00:00:00'),(328,328,28,1,'Aut minima et delectus. Officia modi dolorum magnam. Dolorem voluptatem ipsum numquam qui. Sunt dicta vitae neque optio nostrum.','2013-02-19 00:00:00','2020-07-11 00:00:00'),(329,329,29,2,'Fugiat libero labore occaecati nam eius quia illum. Maxime suscipit neque delectus non et. Quia ea aut et repellendus distinctio.','2013-02-19 00:00:00','2020-07-11 00:00:00'),(330,330,30,2,'Ratione sunt minus et quaerat minima numquam. Delectus magni consequatur repellendus ratione ut omnis error culpa. Quia officia ratione dolorem enim et.','2013-02-19 00:00:00','2020-07-11 00:00:00'),(331,331,31,4,'Aperiam ea optio odio debitis impedit. Quisquam sint perferendis quaerat ut. Quae voluptatem repellendus quia aut itaque ducimus atque quia.','2013-02-19 00:00:00','2020-07-11 00:00:00'),(332,332,32,4,'Saepe voluptatum et esse ducimus sint omnis. Repudiandae aut ipsam officiis voluptatum porro repudiandae nemo. Ex perferendis est at nostrum minus voluptatem ut.','2013-02-19 00:00:00','2020-07-11 00:00:00'),(333,333,33,5,'Voluptates minima vero nobis nulla facere id iste sit. Maiores voluptatem dolore voluptates dolores nostrum nihil. Nulla id omnis quibusdam mollitia ullam nihil eum voluptatem. Culpa porro iusto provident ut qui impedit doloremque.','2013-02-19 00:00:00','2020-07-11 00:00:00'),(334,334,34,2,'Provident velit soluta sit libero nobis. Neque reiciendis nam amet quibusdam beatae minus. Ullam aspernatur quia ab necessitatibus. Sequi non excepturi aliquid eum esse rerum.','2013-02-19 00:00:00','2020-07-11 00:00:00'),(335,335,35,4,'Ratione magni et sunt corrupti quibusdam et. Voluptas ex rem enim aperiam repellat doloribus voluptates voluptatum. Adipisci cupiditate placeat aut. Odit minima quas soluta tempora ducimus.','2013-02-19 00:00:00','2020-07-11 00:00:00'),(336,336,36,4,'Eaque cumque repellat eos a corrupti veniam. Optio nulla voluptas nam vel et est maxime. Dignissimos qui cumque qui autem consequatur repellat. Excepturi eius dolorem voluptates dolor.','2013-02-19 00:00:00','2020-07-11 00:00:00'),(337,337,37,1,'Quibusdam reiciendis accusamus voluptas molestiae numquam reprehenderit. Mollitia sapiente libero perferendis dicta totam veritatis unde. Magni pariatur incidunt minima accusantium ad hic est vel. Et reiciendis est incidunt voluptatem repellat sed.','2013-02-19 00:00:00','2020-07-11 00:00:00'),(338,338,38,4,'Recusandae sequi perferendis est assumenda fuga qui. Quidem ratione libero cum quia voluptatem.','2013-02-19 00:00:00','2020-07-11 00:00:00'),(339,339,39,4,'Illo voluptas at est quasi velit est neque. Aut vel vel aut numquam eos illo. Dignissimos in rerum rerum sint placeat dolorem.','2013-02-19 00:00:00','2020-07-11 00:00:00'),(340,340,40,4,'Ipsa totam dolor vel. At quo vitae optio laboriosam iusto vero alias et.','2013-02-19 00:00:00','2020-07-11 00:00:00'),(341,341,41,1,'Consequuntur voluptatem et aut veniam a. Architecto necessitatibus iure nesciunt. Voluptatem eum omnis reprehenderit ipsum.','2013-02-19 00:00:00','2020-07-11 00:00:00'),(342,342,42,3,'Et et illum est ad quas. Voluptatem iusto doloremque qui asperiores. Officiis dolore sed fugit consequatur est officia dolorum sed. Odio et quasi cupiditate deserunt.','2013-02-19 00:00:00','2020-07-11 00:00:00'),(343,343,43,3,'Dolor repellat assumenda quia. Porro et aspernatur aspernatur qui culpa quos cupiditate. Vero laborum ut ea et. Itaque consequatur et accusantium fugiat. Laborum aut necessitatibus quasi velit laudantium.','2013-02-19 00:00:00','2020-07-11 00:00:00'),(344,344,44,2,'Provident esse pariatur et autem voluptas. Qui officia molestiae et nesciunt. Ea nisi sit quia unde deleniti. Accusamus temporibus sit est in iure debitis.','2013-02-19 00:00:00','2020-07-11 00:00:00'),(345,345,45,3,'Est voluptates ipsam itaque sit numquam. Id esse porro distinctio delectus omnis similique. In quae qui repellendus et voluptates nisi sunt. Quae culpa debitis veritatis et natus.','2013-02-19 00:00:00','2020-07-11 00:00:00'),(346,346,46,5,'Voluptatem vero laborum voluptatum enim dolores et. Minus aperiam accusamus at qui voluptatem eos commodi. Illo ab consectetur rerum soluta.','2013-02-19 00:00:00','2020-07-11 00:00:00'),(347,347,47,1,'Aut quidem illo unde unde blanditiis sit libero. Repellat recusandae enim ad cumque et voluptate est. Illum quas consequatur asperiores veniam exercitationem quibusdam.','2013-02-19 00:00:00','2020-07-11 00:00:00'),(348,348,48,1,'Aut omnis illo magni et voluptatem quia doloribus libero. Aut necessitatibus facilis ducimus nesciunt sit. Dolorum cumque quibusdam enim et. Molestias earum qui laudantium amet.','2013-02-19 00:00:00','2020-07-11 00:00:00'),(349,349,49,4,'Reprehenderit doloremque necessitatibus quam ex. Voluptatum qui ex et officia expedita id. Vel esse et omnis. Suscipit eius eligendi dolor voluptatem repellendus dolore dignissimos.','2013-02-19 00:00:00','2020-07-11 00:00:00'),(350,350,50,3,'Minus iste temporibus et excepturi et vel eligendi. Eius ab ex sapiente sint est. Error vel rerum placeat repudiandae voluptas.','2013-02-19 00:00:00','2020-07-11 00:00:00'),(351,351,51,3,'Culpa molestiae sint molestiae nihil tempore. Sed autem quisquam minima quam eaque. Et atque sit excepturi eum laborum.','2013-02-19 00:00:00','2020-07-11 00:00:00'),(352,352,52,5,'Non possimus ut dolorem culpa. Voluptatem eos vero eligendi tempora animi dignissimos modi. Architecto nulla cumque sit est aut. Voluptatibus provident et deleniti temporibus.','2013-02-19 00:00:00','2020-07-11 00:00:00'),(353,353,53,5,'Sunt velit consequatur quo omnis similique. Dolores labore sit vero perspiciatis totam animi quisquam. Soluta quas sint esse.','2013-02-19 00:00:00','2020-07-11 00:00:00'),(354,354,54,1,'Necessitatibus quo suscipit iste voluptatem. Et iure voluptatem ab et rerum. Eligendi aut minima odit sunt odio quibusdam.','2013-02-19 00:00:00','2020-07-11 00:00:00'),(355,355,55,4,'Repellendus id quis et sed quia et modi. Enim vero earum animi a. Assumenda enim quasi consequuntur nostrum commodi illum voluptas fugiat. Laudantium beatae qui quo atque quaerat officia officia.','2013-02-19 00:00:00','2020-07-11 00:00:00'),(356,356,56,3,'Vel omnis ex accusantium quia exercitationem. Quia inventore explicabo distinctio sint.','2013-02-19 00:00:00','2020-07-11 00:00:00'),(357,357,57,5,'Saepe quia perferendis est accusamus et alias illo. Adipisci dolor quis quis cupiditate. Occaecati voluptates pariatur sequi non quos ducimus optio.','2013-02-19 00:00:00','2020-07-11 00:00:00'),(358,358,58,2,'Sed aut sunt quibusdam sed. Ut id consectetur sed aut sunt. Neque ut et similique vero aut officiis repudiandae est. Qui dolor eos eveniet laboriosam voluptatem consequatur dolores est.','2013-02-19 00:00:00','2020-07-11 00:00:00'),(359,359,59,3,'Ullam earum deserunt pariatur fugiat dolore vel. Explicabo veritatis omnis dolorem inventore est commodi. Ut quo quisquam ut qui dolores et consectetur. Quod autem reiciendis aut totam dolores.','2013-02-19 00:00:00','2020-07-11 00:00:00'),(360,360,60,2,'Minima vel ratione quisquam explicabo expedita. Et ducimus incidunt vel soluta fugiat. Ab rerum illo ipsa magnam accusamus aspernatur.','2013-02-19 00:00:00','2020-07-11 00:00:00'),(361,361,61,3,'Voluptas maxime qui et officiis et exercitationem nam. Sint et quia ut voluptatem sunt. A placeat repudiandae excepturi velit eaque et laudantium in. Hic eos nostrum libero id.','2013-02-19 00:00:00','2020-07-11 00:00:00'),(362,362,62,3,'Non est sapiente quod doloribus nemo ab nihil. Ullam et cum beatae voluptas est. Praesentium alias veritatis sunt quidem. Natus nostrum expedita voluptas dignissimos sit pariatur dolores.','2013-02-19 00:00:00','2020-07-11 00:00:00'),(363,363,63,1,'Accusantium necessitatibus tempore eum sed est. Quia dolore deleniti illo excepturi rerum voluptatibus fugit. Soluta cumque ut atque ut qui soluta aperiam.','2013-02-19 00:00:00','2020-07-11 00:00:00'),(364,364,64,5,'Eum voluptatem quibusdam quos. Quia dolore beatae soluta perferendis tempora. Non velit dolore quia mollitia voluptatem vitae incidunt consequuntur.','2013-02-19 00:00:00','2020-07-11 00:00:00'),(365,365,65,3,'Consequatur sed autem porro sapiente quaerat optio. Qui dicta quis nihil. Labore iusto fuga architecto rerum deserunt modi.','2013-02-19 00:00:00','2020-07-11 00:00:00'),(366,366,66,5,'Recusandae rerum enim voluptas rerum. Dolor ipsum autem molestiae recusandae. Ducimus iusto molestiae qui dolore. Quia velit laboriosam enim provident unde sint id.','2013-02-19 00:00:00','2020-07-11 00:00:00'),(367,367,67,1,'Provident ipsam ut dolores alias qui dolorem beatae. Eius sit vel eveniet ut. Nihil in iure laudantium fugit sunt voluptate. Quia doloremque asperiores consectetur ipsam.','2013-02-19 00:00:00','2020-07-11 00:00:00'),(368,368,68,5,'Eum ipsam pariatur qui qui voluptatibus quaerat dicta. Et quae omnis fugiat eveniet odit non. Eaque eius consequuntur quis iste illo beatae deleniti animi. Qui asperiores eligendi aliquid et nostrum autem.','2013-02-19 00:00:00','2020-07-11 00:00:00'),(369,369,69,3,'Recusandae esse praesentium dolorem molestiae dignissimos. Et asperiores et rerum architecto impedit et.','2013-02-19 00:00:00','2020-07-11 00:00:00'),(370,370,70,3,'Consequatur omnis aut omnis ut ab quasi. Nam cumque in molestiae repellendus cum.','2013-02-19 00:00:00','2020-07-11 00:00:00'),(371,371,71,2,'Rem illum eius possimus aliquid dolorem. Sequi sit placeat et sit delectus porro eos. Maxime qui quia tempore repellat velit distinctio voluptatem. Voluptas sint aut tempore ut libero iusto repellendus officia.','2013-02-19 00:00:00','2020-07-11 00:00:00'),(372,372,72,3,'Incidunt velit exercitationem quod. Iusto aperiam omnis exercitationem qui repudiandae. Voluptatibus laborum quidem at vitae veritatis.','2013-02-19 00:00:00','2020-07-11 00:00:00'),(373,373,73,1,'Voluptatem perspiciatis fugiat nihil deleniti. Ab a omnis pariatur ut mollitia magni tempora. Sapiente ex rerum iusto recusandae ut aperiam occaecati exercitationem. Ipsa et voluptatem sint ut error temporibus neque.','2013-02-19 00:00:00','2020-07-11 00:00:00'),(374,374,74,1,'Dolor minima a esse dolorem. Porro ipsa qui sint et. Dolor iste veritatis temporibus est. Molestiae aperiam ratione iste dicta labore qui. Nesciunt aperiam sint facere commodi dolor deserunt.','2013-02-19 00:00:00','2020-07-11 00:00:00'),(375,375,75,4,'Molestias nihil tempore nostrum corrupti porro ut nobis. Minima et incidunt aliquid. Reprehenderit molestiae occaecati in ipsam doloremque et tenetur ea. Ut consequatur et impedit similique delectus. Nam ipsum maxime laborum consequatur quas.','2013-02-19 00:00:00','2020-07-11 00:00:00'),(376,376,76,4,'Doloremque soluta est et commodi soluta sit at. Eos amet aspernatur iste quia. Minus est sit est fugit dicta labore. Ab minus sit fugit repellat dolorum labore.','2013-02-19 00:00:00','2020-07-11 00:00:00'),(377,377,77,4,'Consequatur praesentium voluptas molestias. Corrupti aut quia tempore. Ullam dolores qui ut esse.','2013-02-19 00:00:00','2020-07-11 00:00:00'),(378,378,78,1,'Quia nihil corrupti magni fuga. Ipsum nemo distinctio architecto aspernatur quaerat. Eveniet amet aut incidunt rerum quas numquam.','2013-02-19 00:00:00','2020-07-11 00:00:00'),(379,379,79,5,'Nobis omnis nobis quos temporibus asperiores pariatur voluptatem quia. Nulla eos provident iure beatae modi dolores veritatis. Labore inventore debitis odit quia maiores ipsam.','2013-02-19 00:00:00','2020-07-11 00:00:00'),(380,380,80,3,'Et placeat omnis facilis repellat ut. Totam autem in minima aliquam. Cumque rerum quo ratione quia consectetur ad. Et ipsa aut quibusdam est.','2013-02-19 00:00:00','2020-07-11 00:00:00'),(381,381,81,3,'Consequatur ducimus nihil pariatur iste esse rerum et voluptate. Eos exercitationem asperiores dolores. Eius ut itaque aliquam tempore.','2013-02-19 00:00:00','2020-07-11 00:00:00'),(382,382,82,3,'Adipisci numquam maiores iure consequatur asperiores cum et. Eveniet id quasi similique iste. Quibusdam excepturi est aut vel animi dicta.','2013-02-19 00:00:00','2020-07-11 00:00:00'),(383,383,83,4,'Ipsam labore minima velit cum voluptatum et laudantium vel. Autem architecto placeat recusandae ut velit.','2013-02-19 00:00:00','2020-07-11 00:00:00'),(384,384,84,4,'Nisi voluptatem nobis aliquam rem repellendus omnis nobis. Reprehenderit molestias iusto aut possimus tempore. Consequatur recusandae accusantium hic omnis optio mollitia eos. Nobis ex consequatur omnis dolore nobis.','2013-02-19 00:00:00','2020-07-11 00:00:00'),(385,385,85,1,'Sunt aut qui ad rerum quaerat sit quasi rerum. Et laudantium fugit numquam dicta. Omnis sit id provident ut fuga quae modi consequatur.','2013-02-19 00:00:00','2020-07-11 00:00:00'),(386,386,86,3,'Tempora saepe deleniti rem veniam ad consequatur. Eos quam excepturi commodi ut. Aut dolores alias voluptatem dolores et placeat.','2013-02-19 00:00:00','2020-07-11 00:00:00'),(387,387,87,2,'Nostrum ipsa et quasi voluptas iste tempore vel voluptatum. Quidem repellendus laudantium quasi aliquid quis sunt saepe. Cupiditate enim non voluptatem ipsum et iusto harum.','2013-02-19 00:00:00','2020-07-11 00:00:00'),(388,388,88,5,'Magni quasi adipisci ab molestiae deserunt assumenda. Aut pariatur illum aut iste reiciendis. Ullam repellat nulla aut. Temporibus consectetur pariatur qui et at ut.','2013-02-19 00:00:00','2020-07-11 00:00:00'),(389,389,89,1,'Est ipsam consectetur illo non. Nulla nam quia maxime deleniti.','2013-02-19 00:00:00','2020-07-11 00:00:00'),(390,390,90,5,'Sit voluptates dolor et velit ut dicta reprehenderit. Voluptatum voluptas possimus dignissimos et ratione est dolorem voluptatem. Nemo qui rerum sint nobis quae quia.','2013-02-19 00:00:00','2020-07-11 00:00:00'),(391,391,91,5,'Eos dolor asperiores enim dolor. Enim nihil aut possimus excepturi sunt. Et non pariatur aut quo amet et. Facere nesciunt vel cum et dolorum corrupti.','2013-02-19 00:00:00','2020-07-11 00:00:00'),(392,392,92,5,'Fugit quae repellat atque voluptatibus et est id. Odio ab nobis nihil.','2013-02-19 00:00:00','2020-07-11 00:00:00'),(393,393,93,2,'Magnam quia in quam ipsa voluptas commodi. Debitis quae eveniet aut dolorum sed quod a. Reiciendis et excepturi commodi sit et.','2013-02-19 00:00:00','2020-07-11 00:00:00'),(394,394,94,2,'Assumenda nobis necessitatibus omnis. Sapiente itaque sint aspernatur et repellat earum consequuntur. Blanditiis enim in beatae nesciunt nam adipisci. Ea error dolores ut qui numquam id esse. Hic labore ducimus a minima praesentium.','2013-02-19 00:00:00','2020-07-11 00:00:00'),(395,395,95,3,'Dolor et debitis labore exercitationem accusamus est. Excepturi sit amet aut libero et vitae eveniet qui. Dolorum quasi qui voluptatem ut. Ab expedita rem omnis quis est commodi eos.','2013-02-19 00:00:00','2020-07-11 00:00:00'),(396,396,96,1,'Aut ut veritatis possimus sed tempora est. Assumenda accusantium quia dolore ut eveniet. Et et architecto debitis placeat aliquid minus et. Molestiae voluptatibus dolor culpa sunt id iusto et.','2013-02-19 00:00:00','2020-07-11 00:00:00'),(397,397,97,2,'Labore doloribus ut rerum sed libero iusto. Eum ipsam est ut voluptate modi. In sed odio ratione. Est amet asperiores est pariatur qui.','2013-02-19 00:00:00','2020-07-11 00:00:00'),(398,398,98,2,'Ut cumque est qui voluptatum quae saepe qui excepturi. Qui voluptatem commodi similique vel aut. Quis quidem beatae ut ut.','2013-02-19 00:00:00','2020-07-11 00:00:00'),(399,399,99,3,'Commodi placeat quia eligendi. Itaque dolor delectus quo magnam id. Et est quia modi.','2013-02-19 00:00:00','2020-07-11 00:00:00'),(400,400,100,2,'Placeat dolor animi quidem excepturi dolores. Dolor vel corporis veritatis facilis eos. Sint vel non occaecati velit aspernatur.','2013-02-19 00:00:00','2020-07-11 00:00:00'),(401,401,1,5,'Dolor repudiandae aut deleniti voluptas ea quis. Nemo ad magni suscipit ex vitae placeat et. Eveniet fugit aut cupiditate voluptatum.','2013-02-19 00:00:00','2020-07-11 00:00:00'),(402,402,2,3,'Et dolor ut corporis. Consequatur molestiae dicta sit eius consequatur. Cumque quia sit esse similique perferendis nemo. Optio qui fugiat nihil fugit.','2013-02-19 00:00:00','2020-07-11 00:00:00'),(403,403,3,2,'Suscipit facere modi consequatur ipsam voluptatem. Qui soluta omnis ipsum harum ullam autem adipisci quod. Eveniet inventore iste vero ratione eaque ut odit. Harum asperiores cupiditate non.','2013-02-19 00:00:00','2020-07-11 00:00:00'),(404,404,4,2,'Magni quam quidem deleniti. Voluptatem et omnis et sit eius voluptates ea aut. Error voluptatem maxime voluptas aliquid corrupti id aliquid inventore.','2013-02-19 00:00:00','2020-07-11 00:00:00'),(405,405,5,1,'Explicabo ullam recusandae dolores odio. Rerum consequatur non ducimus. Quia beatae laboriosam vero id sint.','2013-02-19 00:00:00','2020-07-11 00:00:00'),(406,406,6,5,'Architecto laudantium optio dignissimos. Veniam est modi unde eum ut voluptatem labore. Rerum voluptas deleniti rerum quo eaque.','2013-02-19 00:00:00','2020-07-11 00:00:00'),(407,407,7,4,'Temporibus ipsam exercitationem quaerat consequatur. Veniam ea architecto quasi autem. Nesciunt qui minima sequi porro sunt sequi ipsam quae. Et asperiores esse optio vel sed.','2013-02-19 00:00:00','2020-07-11 00:00:00'),(408,408,8,3,'Sit inventore natus tenetur est. Esse occaecati et possimus molestiae hic. Quia commodi et sint maxime quia consectetur aut explicabo.','2013-02-19 00:00:00','2020-07-11 00:00:00'),(409,409,9,1,'Quas accusantium rem excepturi voluptatem et. At rerum sed incidunt velit nulla. Quisquam dolorem magni minus sed qui. Voluptas dignissimos esse non rerum.','2013-02-19 00:00:00','2020-07-11 00:00:00'),(410,410,10,3,'Veritatis iure quos porro sit ea velit eum. Consequatur fugit similique aut accusamus. Quo veniam laborum vitae corporis. Architecto rerum minus ut qui temporibus.','2013-02-19 00:00:00','2020-07-11 00:00:00'),(411,411,11,3,'Vitae laboriosam illo rerum rerum tempora et reprehenderit rerum. Odit nostrum nesciunt in voluptatem similique. Illo perferendis facere dicta molestias. Aut perspiciatis labore debitis corporis beatae qui. Dolores quas qui ea veritatis sit eum.','2013-02-19 00:00:00','2020-07-11 00:00:00'),(412,412,12,1,'Pariatur tempore nulla in incidunt. Eaque itaque voluptatem et facilis qui. Unde unde similique provident recusandae labore qui.','2013-02-19 00:00:00','2020-07-11 00:00:00'),(413,413,13,2,'Quam velit eligendi perspiciatis voluptatem. Veniam quia laboriosam consequatur tenetur velit. Nihil debitis eos qui quia sint laboriosam.','2013-02-19 00:00:00','2020-07-11 00:00:00'),(414,414,14,5,'Voluptatum dignissimos doloremque velit deleniti et dolor. Voluptatum cupiditate expedita cupiditate aut. Ea placeat qui et aut enim quia.','2013-02-19 00:00:00','2020-07-11 00:00:00'),(415,415,15,1,'Et qui saepe quia cupiditate et culpa iure. Molestiae est in cumque sit delectus quia qui. Optio laboriosam necessitatibus quia ipsam reiciendis et rerum.','2013-02-19 00:00:00','2020-07-11 00:00:00'),(416,416,16,5,'Aut sequi eum nihil quia dolorem laudantium et. Qui sunt voluptas sit magni quod aut commodi. Labore sit debitis vitae maiores id. Nulla maxime qui sunt dolor mollitia perferendis illo eum.','2013-02-19 00:00:00','2020-07-11 00:00:00'),(417,417,17,3,'Doloribus placeat dolor quae qui ut. Aperiam delectus commodi illum aliquid eius dolore. Sint laudantium rerum et.','2013-02-19 00:00:00','2020-07-11 00:00:00'),(418,418,18,5,'Incidunt ratione sequi omnis et culpa optio nam. Aliquam totam ipsam voluptatibus aliquam nihil omnis voluptates architecto. In aspernatur qui consectetur quisquam delectus sed quis.','2013-02-19 00:00:00','2020-07-11 00:00:00'),(419,419,19,3,'Ea minus ipsum libero ut eveniet veritatis eum. Ut est quas eos qui tenetur et. Nesciunt non illo autem est pariatur autem laudantium.','2013-02-19 00:00:00','2020-07-11 00:00:00'),(420,420,20,5,'Sit numquam magnam unde eos. Et esse qui aliquam quia consequatur laudantium. Voluptates praesentium non vitae quisquam deserunt accusamus officia. Quaerat earum consequatur qui ipsum. Rerum et rerum assumenda soluta pariatur qui odit dolorum.','2013-02-19 00:00:00','2020-07-11 00:00:00'),(421,421,21,4,'Consectetur mollitia dignissimos distinctio id et provident. Quia laboriosam autem est quibusdam est aperiam nihil eligendi. Mollitia fugiat ad eum aliquam aspernatur pariatur est.','2013-02-19 00:00:00','2020-07-11 00:00:00'),(422,422,22,4,'Officiis quidem ut ea ut aut maiores sed. Quisquam vel libero qui earum. Et quia accusantium consequatur tempora. Eveniet exercitationem perferendis qui.','2013-02-19 00:00:00','2020-07-11 00:00:00'),(423,423,23,2,'Doloribus et soluta velit minus beatae praesentium et. Cupiditate nulla ipsum alias occaecati sint nulla asperiores. Tenetur error libero maxime aut odio recusandae alias. Ex nisi accusantium consequatur at et illo saepe commodi.','2013-02-19 00:00:00','2020-07-11 00:00:00'),(424,424,24,4,'Odio culpa rerum aut voluptatum et laboriosam dolore. Dolores est similique omnis aliquid voluptatem rerum explicabo. Hic et inventore in officiis hic doloribus velit. Libero explicabo dolor laudantium id dolorem sed deleniti. Sed debitis ullam sequi doloribus recusandae facere.','2013-02-19 00:00:00','2020-07-11 00:00:00'),(425,425,25,2,'Maiores quo ullam suscipit. Aut quae voluptatem quia ab. Placeat pariatur alias fugiat porro placeat. Excepturi beatae amet consequatur in sit.','2013-02-19 00:00:00','2020-07-11 00:00:00'),(426,426,26,3,'Cupiditate eos ut qui voluptas. Debitis cum tenetur eligendi distinctio perferendis assumenda porro. Ratione omnis quia quisquam praesentium dicta voluptatem aut veniam. Est aut voluptas et fuga. Et distinctio rerum deleniti minus recusandae.','2013-02-19 00:00:00','2020-07-11 00:00:00'),(427,427,27,3,'Sunt culpa omnis in ratione est. Placeat enim aperiam et hic ullam est velit dolores. Rerum dicta vel enim vero. Odio voluptates placeat animi laboriosam facere recusandae amet.','2013-02-19 00:00:00','2020-07-11 00:00:00'),(428,428,28,3,'Repellat optio quam vitae voluptatem rerum. Aut quibusdam ut a voluptates. Cupiditate odit quam asperiores fugit maxime.','2013-02-19 00:00:00','2020-07-11 00:00:00'),(429,429,29,5,'Maxime delectus deleniti dolorem quis officia dolores natus. Ex excepturi nostrum suscipit porro. Accusantium voluptatum vel voluptatem est rem. Ut est expedita exercitationem facilis cumque delectus. Atque ut ut quia distinctio possimus mollitia eaque.','2013-02-19 00:00:00','2020-07-11 00:00:00'),(430,430,30,4,'Voluptatem qui architecto et debitis. Repellat optio sed voluptatum rerum occaecati tenetur error. Laudantium ad id eveniet sapiente maxime quam iure consectetur.','2013-02-19 00:00:00','2020-07-11 00:00:00'),(431,431,31,4,'Corporis omnis inventore necessitatibus non. Repellendus dolor molestias voluptatem fugiat. Recusandae consectetur temporibus beatae ab sit et excepturi.','2013-02-19 00:00:00','2020-07-11 00:00:00'),(432,432,32,2,'Cum necessitatibus unde minus perferendis rerum vel ipsam. Est voluptatem deleniti sit. Eaque nam magni perspiciatis incidunt quisquam. Est quidem eveniet in veritatis mollitia amet ut. Dolor dolorem rem quia qui ea placeat similique amet.','2013-02-19 00:00:00','2020-07-11 00:00:00'),(433,433,33,3,'Consequatur quos ipsa sint tenetur temporibus. Tenetur quo maxime doloremque quas quia ratione. Consectetur omnis magnam provident adipisci facere autem adipisci. Eos eos voluptatem at libero a dicta impedit similique.','2013-02-19 00:00:00','2020-07-11 00:00:00'),(434,434,34,4,'Aut praesentium autem occaecati. Odio eum qui qui vel neque aliquam. Molestiae maxime quibusdam doloremque corrupti suscipit et provident.','2013-02-19 00:00:00','2020-07-11 00:00:00'),(435,435,35,2,'Illo pariatur et architecto earum aperiam qui. Vero qui sint iure harum iure. Est velit consequuntur sint consequatur voluptatem facilis cum. Rerum esse a qui culpa. Error deserunt doloremque eum aut.','2013-02-19 00:00:00','2020-07-11 00:00:00'),(436,436,36,3,'Blanditiis dolore consequatur beatae vel. Sunt a dolores sunt est aut aut earum fugit. Recusandae veritatis sint dolorum et laudantium fuga hic. Repudiandae accusamus quasi iure porro in qui rerum. Libero voluptas quia animi et sapiente omnis iure vitae.','2013-02-19 00:00:00','2020-07-11 00:00:00'),(437,437,37,1,'Quod qui non fugiat nemo aut totam. In expedita suscipit quia fugiat sit.','2013-02-19 00:00:00','2020-07-11 00:00:00'),(438,438,38,3,'Deserunt iusto facilis quis pariatur. Ducimus soluta voluptatibus vel aut iste fugit. Ipsam sequi assumenda exercitationem velit quis.','2013-02-19 00:00:00','2020-07-11 00:00:00'),(439,439,39,2,'Voluptas error temporibus quia aut et. Illo aut consequatur atque fugit ipsam omnis.','2013-02-19 00:00:00','2020-07-11 00:00:00'),(440,440,40,3,'Deleniti iste rerum rerum suscipit totam veritatis voluptatem. Aspernatur veniam ipsam ut quae quos et. Magni magnam rerum eos qui. Esse nam veniam et praesentium.','2013-02-19 00:00:00','2020-07-11 00:00:00'),(441,441,41,1,'Aperiam necessitatibus provident est voluptates nihil necessitatibus eum. Voluptatem dolor et sed. Nobis officia rerum quia autem. Dignissimos voluptates sed dolores.','2013-02-19 00:00:00','2020-07-11 00:00:00'),(442,442,42,2,'Enim consequatur aut explicabo non. Vero voluptatem illo pariatur velit reiciendis. Non ut non velit necessitatibus omnis qui. Modi quam ut suscipit nihil quibusdam et.','2013-02-19 00:00:00','2020-07-11 00:00:00'),(443,443,43,2,'Commodi non adipisci quam hic eligendi porro temporibus. Incidunt quam dolore necessitatibus. Dolorem omnis voluptatem quos id.','2013-02-19 00:00:00','2020-07-11 00:00:00'),(444,444,44,4,'Accusantium vitae ratione ipsa aut. Laboriosam necessitatibus quam omnis quos. Dolorem nisi labore nemo rem nobis voluptatem velit.','2013-02-19 00:00:00','2020-07-11 00:00:00'),(445,445,45,1,'Omnis possimus dolorum et rerum velit perspiciatis enim voluptatibus. A accusamus laboriosam deleniti quas dolor deleniti. Enim tempore enim minus est et.','2013-02-19 00:00:00','2020-07-11 00:00:00'),(446,446,46,1,'Magnam omnis rerum dicta veniam nostrum magnam. Occaecati mollitia magnam ad perferendis. Qui laudantium ea delectus harum.','2013-02-19 00:00:00','2020-07-11 00:00:00'),(447,447,47,3,'Beatae debitis officiis velit saepe non. Non ea et cum aliquam. Consequuntur exercitationem soluta est quod autem consequatur. Dolore aut dolorum minus quis quibusdam dicta voluptatem. Illum repellendus est consequatur consectetur.','2013-02-19 00:00:00','2020-07-11 00:00:00'),(448,448,48,4,'Possimus corrupti iusto optio illum quia. Commodi natus sequi iste. Dolore impedit rerum hic accusantium provident voluptas tempore. Cumque consectetur fuga expedita iusto dolore et rem ut. Totam ut occaecati omnis molestias ut ut.','2013-02-19 00:00:00','2020-07-11 00:00:00'),(449,449,49,5,'Nihil qui ipsa et nesciunt architecto sed incidunt. Magnam rerum ducimus beatae provident expedita repudiandae cupiditate officia. Culpa incidunt enim pariatur similique. Excepturi quidem quia illo quas quisquam praesentium.','2013-02-19 00:00:00','2020-07-11 00:00:00'),(450,450,50,2,'Doloribus at veritatis quos architecto laudantium quam aut. Sequi nemo eos quia quam. Dolore soluta adipisci similique impedit non minus numquam. Laudantium veniam distinctio et quasi velit debitis. Blanditiis enim fugiat et impedit reprehenderit dolore veniam non.','2013-02-19 00:00:00','2020-07-11 00:00:00'),(451,451,51,2,'Odit optio nihil totam fugiat facere. Aspernatur veritatis consectetur assumenda ut nam ut. Voluptatem fugiat cumque quibusdam non cumque minus. Ut aliquam eos sit eligendi. Quo sed praesentium qui eos delectus dolores ea.','2013-02-19 00:00:00','2020-07-11 00:00:00'),(452,452,52,3,'Suscipit delectus voluptas consectetur voluptatum ducimus ullam. Illo nostrum reiciendis quia perferendis. Laudantium corrupti a facilis blanditiis ut quia sit. Voluptates omnis consectetur dolore aut aperiam magnam voluptatum rem.','2013-02-19 00:00:00','2020-07-11 00:00:00'),(453,453,53,2,'Earum rerum fugit qui est totam veritatis itaque recusandae. Iste magni excepturi dignissimos eaque.','2013-02-19 00:00:00','2020-07-11 00:00:00'),(454,454,54,5,'Doloremque laborum ratione et mollitia quo perspiciatis. Et odit est explicabo explicabo ut possimus rerum. Tempora distinctio dolor sed. Assumenda enim consequatur eum dolorem perferendis dolores at.','2013-02-19 00:00:00','2020-07-11 00:00:00'),(455,455,55,1,'Deserunt facere et omnis aspernatur nihil. Non quam nostrum provident. Facilis dolorum enim assumenda eveniet aut et repellat.','2013-02-19 00:00:00','2020-07-11 00:00:00'),(456,456,56,1,'Nostrum excepturi eius enim odio voluptas. Fugiat et esse id ipsa laudantium repudiandae. Animi fuga est numquam possimus neque a vitae. Sint inventore quo iste quisquam ducimus et.','2013-02-19 00:00:00','2020-07-11 00:00:00'),(457,457,57,5,'A nihil voluptatem dolor temporibus totam vero. Doloribus voluptate ut ea quos quaerat praesentium voluptatum. Voluptatem voluptatem a nam.','2013-02-19 00:00:00','2020-07-11 00:00:00'),(458,458,58,2,'Omnis mollitia dicta quia beatae cum quidem. Et quo sapiente amet. Cupiditate vel delectus quas.','2013-02-19 00:00:00','2020-07-11 00:00:00'),(459,459,59,4,'Incidunt et dolores nobis voluptates molestiae. Et et ut est temporibus sint. Ea itaque itaque id accusantium quam.','2013-02-19 00:00:00','2020-07-11 00:00:00'),(460,460,60,2,'Eos illum voluptate non dignissimos quasi pariatur et. Vel beatae occaecati consectetur blanditiis qui. Quia quisquam distinctio est. Itaque tempora iure quo qui voluptatem.','2013-02-19 00:00:00','2020-07-11 00:00:00'),(461,461,61,4,'Nihil dolores et occaecati. Enim nesciunt rerum aut consequatur itaque fugit porro. Ut ipsa quae consequuntur laudantium. In nihil minus incidunt deserunt aut. Voluptatem voluptas pariatur maxime eveniet qui facere.','2013-02-19 00:00:00','2020-07-11 00:00:00'),(462,462,62,1,'Explicabo tempora blanditiis consequatur voluptatem sed. Et asperiores et nisi aliquid sit dolorem quam. Ut molestiae expedita animi earum sit.','2013-02-19 00:00:00','2020-07-11 00:00:00'),(463,463,63,3,'Amet illo et voluptas quia velit ut. Praesentium dicta maiores in id et sunt ipsa. Delectus qui maiores voluptate in at et vel.','2013-02-19 00:00:00','2020-07-11 00:00:00'),(464,464,64,1,'Esse labore et expedita vel facilis qui. Porro velit et quos voluptates. Nihil pariatur voluptas ducimus ullam voluptatem. Omnis quod enim est neque iusto expedita.','2013-02-19 00:00:00','2020-07-11 00:00:00'),(465,465,65,4,'Voluptate cumque voluptatem voluptatem maxime. Architecto esse molestiae quas aliquid. In ipsum autem voluptatibus recusandae. Distinctio repellendus expedita voluptas voluptatem delectus provident omnis.','2013-02-19 00:00:00','2020-07-11 00:00:00'),(466,466,66,5,'Reprehenderit autem cum et vel enim tempora. Aut at unde est. Aspernatur iure quo aliquid tenetur vel ad animi. Ut pariatur id iste quasi mollitia fuga. Aliquam quidem temporibus qui dolorum et.','2013-02-19 00:00:00','2020-07-11 00:00:00'),(467,467,67,4,'Voluptatum et sapiente nobis quae reiciendis pariatur quia. Tempore ut ratione repellat ipsam ut quam.','2013-02-19 00:00:00','2020-07-11 00:00:00'),(468,468,68,4,'Et voluptatum vitae blanditiis aperiam ullam exercitationem reprehenderit quibusdam. Sint aut ea culpa. Dolorum soluta reiciendis velit maiores deleniti sequi. Quibusdam aut et temporibus voluptatem. Ad enim sed voluptas.','2013-02-19 00:00:00','2020-07-11 00:00:00'),(469,469,69,2,'Suscipit nulla qui dolorem nihil qui aspernatur. Facilis autem ducimus atque rerum itaque expedita. Eius totam dolorum ullam suscipit error. Dolor delectus nisi ipsa omnis eos temporibus quia. Dolor sit sint laborum.','2013-02-19 00:00:00','2020-07-11 00:00:00'),(470,470,70,3,'Maxime reiciendis accusantium error doloribus corporis facere culpa et. Et sequi culpa qui et quae quibusdam. Laborum modi assumenda ratione et qui quis.','2013-02-19 00:00:00','2020-07-11 00:00:00'),(471,471,71,3,'Eum magni esse nihil totam fuga esse quia. Repudiandae nihil quisquam sed aut. Ut vel fuga quas.','2013-02-19 00:00:00','2020-07-11 00:00:00'),(472,472,72,2,'Eum omnis voluptatem aliquid quo unde odio. Itaque incidunt odio explicabo ab. Voluptate voluptates dolor est quia sit iusto.','2013-02-19 00:00:00','2020-07-11 00:00:00'),(473,473,73,5,'Distinctio voluptates aut est quo reprehenderit error et quis. Est eius culpa error enim laudantium alias ullam. Omnis enim saepe dolores soluta officia. Quia reiciendis in facilis et non iure.','2013-02-19 00:00:00','2020-07-11 00:00:00'),(474,474,74,1,'Necessitatibus et cum assumenda quod ipsum omnis. Qui culpa nostrum et earum. Culpa libero cumque totam nemo iure molestiae optio.','2013-02-19 00:00:00','2020-07-11 00:00:00'),(475,475,75,4,'Consectetur consequuntur dicta velit et. Optio quaerat sequi consequatur provident rerum reprehenderit. Sequi ab qui eius qui id cupiditate vitae.','2013-02-19 00:00:00','2020-07-11 00:00:00'),(476,476,76,2,'Dolores ipsum laborum enim vel omnis voluptatem atque voluptatem. Dolorum omnis impedit sed velit nam error aut. Deserunt sequi ea ut iusto quas vel. Porro et dolor odio provident commodi dolorem est.','2013-02-19 00:00:00','2020-07-11 00:00:00'),(477,477,77,3,'Eum aut quibusdam numquam. Voluptatem non enim similique earum quia. Aut ut saepe perferendis dolor consequatur.','2013-02-19 00:00:00','2020-07-11 00:00:00'),(478,478,78,5,'A sit quia odit qui veniam vitae. Eligendi doloribus soluta excepturi veniam quia. Rerum suscipit commodi vitae nostrum delectus totam. Eligendi quia esse velit.','2013-02-19 00:00:00','2020-07-11 00:00:00'),(479,479,79,5,'Suscipit voluptatibus dicta qui quia quas hic in. Aut omnis enim dolores commodi. Ut qui eum quasi.','2013-02-19 00:00:00','2020-07-11 00:00:00'),(480,480,80,5,'Expedita dolorum perspiciatis harum totam labore. Accusamus voluptas sed odit ut. Sit et doloremque dolor quia nostrum. Labore eos aliquid quibusdam aut inventore nam.','2013-02-19 00:00:00','2020-07-11 00:00:00'),(481,481,81,1,'Similique iure explicabo dolorum aperiam. Enim eligendi harum nemo ut ea quia. Non iusto error quam sunt est impedit id eveniet.','2013-02-19 00:00:00','2020-07-11 00:00:00'),(482,482,82,5,'Dolorem iste laboriosam esse et ut. Voluptatem numquam vero id quo odio dolor. Ad sint doloribus optio saepe. Voluptas quo enim commodi asperiores et et corrupti.','2013-02-19 00:00:00','2020-07-11 00:00:00'),(483,483,83,3,'Amet quisquam facilis quod accusamus excepturi. Beatae quia quia eos velit numquam. Perspiciatis aut aspernatur et quo accusamus magnam ut. Optio doloribus repudiandae molestiae voluptatem animi.','2013-02-19 00:00:00','2020-07-11 00:00:00'),(484,484,84,2,'Explicabo ipsa distinctio enim ea et eum quia ullam. Sint beatae minima modi et. Assumenda maiores architecto esse nihil eum a asperiores.','2013-02-19 00:00:00','2020-07-11 00:00:00'),(485,485,85,2,'Iure ipsum rem exercitationem minima sunt in velit. Vitae sed eos est omnis. Vel nostrum blanditiis autem adipisci.','2013-02-19 00:00:00','2020-07-11 00:00:00'),(486,486,86,2,'Laudantium placeat voluptatibus et dolores tempore eos quis odit. Aut velit ipsum voluptas officiis. Eos ex perspiciatis et rerum exercitationem enim. Dolor magnam molestiae sit est ducimus.','2013-02-19 00:00:00','2020-07-11 00:00:00'),(487,487,87,4,'Fugiat est tempore architecto sint. Nesciunt ab est unde enim harum earum. Quibusdam eum et qui pariatur sapiente.','2013-02-19 00:00:00','2020-07-11 00:00:00'),(488,488,88,3,'Molestiae porro necessitatibus nobis vel. Hic ullam distinctio sit. Iusto ut vel aut velit.','2013-02-19 00:00:00','2020-07-11 00:00:00'),(489,489,89,1,'Accusantium quia et quas tempora. Ex molestias quia ut officiis consequatur illo illo. Iusto harum sequi deleniti molestiae eum vitae quo. Modi sunt officiis quam et est quasi occaecati ut. Totam laborum asperiores repudiandae.','2013-02-19 00:00:00','2020-07-11 00:00:00'),(490,490,90,2,'Neque qui architecto reprehenderit commodi. In cumque quia molestias dolorem debitis sunt. Cupiditate quidem similique delectus modi vel possimus eveniet. Aut laborum sunt earum et.','2013-02-19 00:00:00','2020-07-11 00:00:00'),(491,491,91,3,'Iusto atque eius deserunt sit. Tempore et non earum velit velit suscipit. Accusantium necessitatibus recusandae distinctio iste.','2013-02-19 00:00:00','2020-07-11 00:00:00'),(492,492,92,2,'Dolores voluptatem suscipit praesentium et doloribus asperiores dolores. Voluptas aut atque dolorum dolor. Harum hic nobis praesentium et. Quia dolor repudiandae cupiditate.','2013-02-19 00:00:00','2020-07-11 00:00:00'),(493,493,93,2,'Sit cum voluptas voluptas rem et. Tempore sint atque sunt veritatis qui recusandae suscipit eaque. Aut voluptatem vel officiis est blanditiis quisquam totam.','2013-02-19 00:00:00','2020-07-11 00:00:00'),(494,494,94,3,'Optio eos sunt rerum ut et. Atque totam exercitationem ab. Consequuntur qui sunt dolorum et maiores dolorum.','2013-02-19 00:00:00','2020-07-11 00:00:00'),(495,495,95,4,'Est nemo expedita consequatur qui beatae dolores. Error doloribus consequatur vero. At itaque est quo sed corrupti.','2013-02-19 00:00:00','2020-07-11 00:00:00'),(496,496,96,2,'Nihil molestiae quasi porro et quasi. Quis in reiciendis magnam suscipit assumenda ad. Quis autem ratione et amet. Iste est sed aut facere est totam eos.','2013-02-19 00:00:00','2020-07-11 00:00:00'),(497,497,97,3,'Voluptas dolorum quia vitae eos culpa exercitationem. Et sed consequatur eos facilis. Commodi eum voluptas asperiores ea magni qui explicabo commodi.','2013-02-19 00:00:00','2020-07-11 00:00:00'),(498,498,98,3,'Porro fuga rerum molestias suscipit voluptatem. Quisquam omnis aperiam est architecto dolores ut. Assumenda placeat tempore et qui est. Tempora labore eius ipsam eius sint suscipit rerum molestias. Velit ut maiores incidunt ut ut.','2013-02-19 00:00:00','2020-07-11 00:00:00'),(499,499,99,2,'Ut illum voluptatem qui nostrum dolores. Quia quidem assumenda corporis blanditiis et. Et quia sunt ullam deserunt ducimus.','2013-02-19 00:00:00','2020-07-11 00:00:00'),(500,500,100,1,'Qui officiis voluptatem exercitationem dignissimos at quos. Vitae reprehenderit veniam fugit. Quaerat velit aut dolorum quibusdam ad corporis. Suscipit iste molestiae numquam rerum.','2013-02-19 00:00:00','2020-07-11 00:00:00');
-- добавляю данные без текста отзывов
INSERT INTO `feedback` (book_id, user_id, rating) VALUES
	(67, 23, 5),
	(67, 56, 5),
	(67, 87, 5),
	(67, 11, 2),
	(67, 78, 5),
	(67, 24, 5),
	(67, 99, 5),
	(67, 2, 4),
	(67, 76, 5),
	(67, 21, 5),
	(67, 23, 5),
	(67, 67, 3),
	(67, 71, 5),
	(67, 7, 5),
	(67, 83, 5),
	(24, 23, 5),
	(56, 57, 5),
	(22, 87, 5),
	(6, 11, 2),
	(7, 78, 5),
	(23, 24, 5),
	(88, 99, 5),
	(98, 2, 4),
	(66, 76, 5),
	(311, 21, 5),
	(66, 23, 5),
	(66, 67, 3),
	(86, 71, 5),
	(99, 7, 5),
	(344, 83, 5);





















